{
  "events": [
    {
      "event": "call",
      "http_server_request": {
        "headers": {
          "sec-fetch-mode": "cors",
          "content-length": "281",
          "referer": "http://localhost:9092/swagger-ui/index.html",
          "sec-fetch-site": "same-origin",
          "accept-language": "en-US,en;q=0.9",
          "origin": "http://localhost:9092",
          "dnt": "1",
          "accept": "*/*",
          "sec-ch-ua": "\"Google Chrome\";v=\"119\", \"Chromium\";v=\"119\", \"Not?A_Brand\";v=\"24\"",
          "sec-ch-ua-mobile": "?0",
          "sec-ch-ua-platform": "\"Windows\"",
          "host": "localhost:9092",
          "connection": "keep-alive",
          "content-type": "application/json",
          "accept-encoding": "gzip, deflate, br",
          "user-agent": "Mozilla/5.0 (Windows NT 10.0; Win64; x64) AppleWebKit/537.36 (KHTML, like Gecko) Chrome/119.0.0.0 Safari/537.36",
          "sec-fetch-dest": "empty"
        },
        "normalized_path_info": "/sharathcars/signup",
        "path_info": "/sharathcars/signup",
        "protocol": "HTTP/1.1",
        "request_method": "POST"
      },
      "id": 1,
      "thread_id": 192
    },
    {
      "defined_class": "com.Centum1.Sharathcars.dto.SharathcarRequest",
      "event": "call",
      "id": 2,
      "lineno": 54,
      "method_id": "setCarcode",
      "parameters": [
        {
          "class": "java.lang.String",
          "kind": "req",
          "name": "carcode",
          "object_id": 1566283990,
          "value": "string11"
        }
      ],
      "path": "com/Centum1/Sharathcars/dto/SharathcarRequest.java",
      "receiver": {
        "class": "com.Centum1.Sharathcars.dto.SharathcarRequest",
        "object_id": 1793371455,
        "value": "com.Centum1.Sharathcars.dto.SharathcarRequest@6ae4ad3f"
      },
      "static": false,
      "thread_id": 192
    },
    {
      "elapsed": 0.00020142,
      "event": "return",
      "id": 3,
      "parent_id": 2,
      "thread_id": 192
    },
    {
      "defined_class": "com.Centum1.Sharathcars.dto.SharathcarRequest",
      "event": "call",
      "id": 4,
      "lineno": 62,
      "method_id": "setCarname",
      "parameters": [
        {
          "class": "java.lang.String",
          "kind": "req",
          "name": "carname",
          "object_id": 2114771545,
          "value": "string11"
        }
      ],
      "path": "com/Centum1/Sharathcars/dto/SharathcarRequest.java",
      "receiver": {
        "class": "com.Centum1.Sharathcars.dto.SharathcarRequest",
        "object_id": 1793371455,
        "value": "com.Centum1.Sharathcars.dto.SharathcarRequest@6ae4ad3f"
      },
      "static": false,
      "thread_id": 192
    },
    {
      "elapsed": 0,
      "event": "return",
      "id": 5,
      "parent_id": 4,
      "thread_id": 192
    },
    {
      "defined_class": "com.Centum1.Sharathcars.dto.SharathcarRequest",
      "event": "call",
      "id": 6,
      "lineno": 70,
      "method_id": "setCarmodel",
      "parameters": [
        {
          "class": "java.lang.String",
          "kind": "req",
          "name": "carmodel",
          "object_id": 734731399,
          "value": "string11"
        }
      ],
      "path": "com/Centum1/Sharathcars/dto/SharathcarRequest.java",
      "receiver": {
        "class": "com.Centum1.Sharathcars.dto.SharathcarRequest",
        "object_id": 1793371455,
        "value": "com.Centum1.Sharathcars.dto.SharathcarRequest@6ae4ad3f"
      },
      "static": false,
      "thread_id": 192
    },
    {
      "elapsed": 0,
      "event": "return",
      "id": 7,
      "parent_id": 6,
      "thread_id": 192
    },
    {
      "defined_class": "com.Centum1.Sharathcars.dto.SharathcarRequest",
      "event": "call",
      "id": 8,
      "lineno": 78,
      "method_id": "setCaryear",
      "parameters": [
        {
          "class": "java.lang.String",
          "kind": "req",
          "name": "caryear",
          "object_id": 1383676905,
          "value": "string11"
        }
      ],
      "path": "com/Centum1/Sharathcars/dto/SharathcarRequest.java",
      "receiver": {
        "class": "com.Centum1.Sharathcars.dto.SharathcarRequest",
        "object_id": 1793371455,
        "value": "com.Centum1.Sharathcars.dto.SharathcarRequest@6ae4ad3f"
      },
      "static": false,
      "thread_id": 192
    },
    {
      "elapsed": 0,
      "event": "return",
      "id": 9,
      "parent_id": 8,
      "thread_id": 192
    },
    {
      "defined_class": "com.Centum1.Sharathcars.dto.SharathcarRequest",
      "event": "call",
      "id": 10,
      "lineno": 86,
      "method_id": "setCarcolour",
      "parameters": [
        {
          "class": "java.lang.String",
          "kind": "req",
          "name": "carcolour",
          "object_id": 1282289974,
          "value": "string11"
        }
      ],
      "path": "com/Centum1/Sharathcars/dto/SharathcarRequest.java",
      "receiver": {
        "class": "com.Centum1.Sharathcars.dto.SharathcarRequest",
        "object_id": 1793371455,
        "value": "com.Centum1.Sharathcars.dto.SharathcarRequest@6ae4ad3f"
      },
      "static": false,
      "thread_id": 192
    },
    {
      "elapsed": 0,
      "event": "return",
      "id": 11,
      "parent_id": 10,
      "thread_id": 192
    },
    {
      "defined_class": "com.Centum1.Sharathcars.dto.SharathcarRequest",
      "event": "call",
      "id": 12,
      "lineno": 94,
      "method_id": "setCarvin",
      "parameters": [
        {
          "class": "java.lang.String",
          "kind": "req",
          "name": "carvin",
          "object_id": 1411970288,
          "value": "string11"
        }
      ],
      "path": "com/Centum1/Sharathcars/dto/SharathcarRequest.java",
      "receiver": {
        "class": "com.Centum1.Sharathcars.dto.SharathcarRequest",
        "object_id": 1793371455,
        "value": "com.Centum1.Sharathcars.dto.SharathcarRequest@6ae4ad3f"
      },
      "static": false,
      "thread_id": 192
    },
    {
      "elapsed": 0,
      "event": "return",
      "id": 13,
      "parent_id": 12,
      "thread_id": 192
    },
    {
      "defined_class": "com.Centum1.Sharathcars.dto.SharathcarRequest",
      "event": "call",
      "id": 14,
      "lineno": 102,
      "method_id": "setCarowner",
      "parameters": [
        {
          "class": "java.lang.String",
          "kind": "req",
          "name": "carowner",
          "object_id": 670361046,
          "value": "string11"
        }
      ],
      "path": "com/Centum1/Sharathcars/dto/SharathcarRequest.java",
      "receiver": {
        "class": "com.Centum1.Sharathcars.dto.SharathcarRequest",
        "object_id": 1793371455,
        "value": "com.Centum1.Sharathcars.dto.SharathcarRequest@6ae4ad3f"
      },
      "static": false,
      "thread_id": 192
    },
    {
      "elapsed": 0.00035125,
      "event": "return",
      "id": 15,
      "parent_id": 14,
      "thread_id": 192
    },
    {
      "defined_class": "com.Centum1.Sharathcars.dto.SharathcarRequest",
      "event": "call",
      "id": 16,
      "lineno": 110,
      "method_id": "setState",
      "parameters": [
        {
          "class": "java.lang.String",
          "kind": "req",
          "name": "state",
          "object_id": 1011430578,
          "value": "string11"
        }
      ],
      "path": "com/Centum1/Sharathcars/dto/SharathcarRequest.java",
      "receiver": {
        "class": "com.Centum1.Sharathcars.dto.SharathcarRequest",
        "object_id": 1793371455,
        "value": "com.Centum1.Sharathcars.dto.SharathcarRequest@6ae4ad3f"
      },
      "static": false,
      "thread_id": 192
    },
    {
      "elapsed": 0,
      "event": "return",
      "id": 17,
      "parent_id": 16,
      "thread_id": 192
    },
    {
      "defined_class": "com.Centum1.Sharathcars.dto.SharathcarRequest",
      "event": "call",
      "id": 18,
      "lineno": 118,
      "method_id": "setMobilenumber",
      "parameters": [
        {
          "class": "java.lang.String",
          "kind": "req",
          "name": "mobilenumber",
          "object_id": 26432908,
          "value": "7646789712"
        }
      ],
      "path": "com/Centum1/Sharathcars/dto/SharathcarRequest.java",
      "receiver": {
        "class": "com.Centum1.Sharathcars.dto.SharathcarRequest",
        "object_id": 1793371455,
        "value": "com.Centum1.Sharathcars.dto.SharathcarRequest@6ae4ad3f"
      },
      "static": false,
      "thread_id": 192
    },
    {
      "elapsed": 0,
      "event": "return",
      "id": 19,
      "parent_id": 18,
      "thread_id": 192
    },
    {
      "defined_class": "com.Centum1.Sharathcars.dto.SharathcarRequest",
      "event": "call",
      "id": 20,
      "lineno": 126,
      "method_id": "setPrice",
      "parameters": [
        {
          "class": "java.lang.String",
          "kind": "req",
          "name": "price",
          "object_id": 311406138,
          "value": "100000"
        }
      ],
      "path": "com/Centum1/Sharathcars/dto/SharathcarRequest.java",
      "receiver": {
        "class": "com.Centum1.Sharathcars.dto.SharathcarRequest",
        "object_id": 1793371455,
        "value": "com.Centum1.Sharathcars.dto.SharathcarRequest@6ae4ad3f"
      },
      "static": false,
      "thread_id": 192
    },
    {
      "elapsed": 0,
      "event": "return",
      "id": 21,
      "parent_id": 20,
      "thread_id": 192
    },
    {
      "defined_class": "com.Centum1.Sharathcars.dto.SharathcarRequest",
      "event": "call",
      "id": 22,
      "lineno": 134,
      "method_id": "setDetails",
      "parameters": [
        {
          "class": "java.lang.String",
          "kind": "req",
          "name": "details",
          "object_id": 315962344,
          "value": "string11"
        }
      ],
      "path": "com/Centum1/Sharathcars/dto/SharathcarRequest.java",
      "receiver": {
        "class": "com.Centum1.Sharathcars.dto.SharathcarRequest",
        "object_id": 1793371455,
        "value": "com.Centum1.Sharathcars.dto.SharathcarRequest@6ae4ad3f"
      },
      "static": false,
      "thread_id": 192
    },
    {
      "elapsed": 0,
      "event": "return",
      "id": 23,
      "parent_id": 22,
      "thread_id": 192
    },
    {
      "defined_class": "com.Centum1.Sharathcars.controller.SharathcarController",
      "event": "call",
      "id": 24,
      "lineno": 24,
      "method_id": "saveUsers",
      "parameters": [
        {
          "class": "com.Centum1.Sharathcars.dto.SharathcarRequest",
          "kind": "req",
          "name": "request",
          "object_id": 1793371455,
          "value": "com.Centum1.Sharathcars.dto.SharathcarRequest@6ae4ad3f"
        }
      ],
      "path": "com/Centum1/Sharathcars/controller/SharathcarController.java",
      "receiver": {
        "class": "com.Centum1.Sharathcars.controller.SharathcarController",
        "object_id": 1048033334,
        "value": "com.Centum1.Sharathcars.controller.SharathcarController@3e77b836"
      },
      "static": false,
      "thread_id": 192
    },
    {
      "defined_class": "com.Centum1.Sharathcars.service.SharathcarService",
      "event": "call",
      "id": 25,
      "lineno": 18,
      "method_id": "saveUsers",
      "parameters": [
        {
          "class": "com.Centum1.Sharathcars.dto.SharathcarRequest",
          "kind": "req",
          "name": "request",
          "object_id": 1793371455,
          "value": "com.Centum1.Sharathcars.dto.SharathcarRequest@6ae4ad3f"
        }
      ],
      "path": "com/Centum1/Sharathcars/service/SharathcarService.java",
      "receiver": {
        "class": "com.Centum1.Sharathcars.service.SharathcarService",
        "object_id": 421768790,
        "value": "com.Centum1.Sharathcars.service.SharathcarService@1923ae56"
      },
      "static": false,
      "thread_id": 192
    },
    {
      "defined_class": "com.Centum1.Sharathcars.entity.Sharathcar",
      "event": "call",
      "id": 26,
      "lineno": 53,
      "method_id": "setId",
      "parameters": [
        {
          "class": "java.lang.Integer",
          "kind": "req",
          "name": "id",
          "object_id": 1813214510,
          "value": "0"
        }
      ],
      "path": "com/Centum1/Sharathcars/entity/Sharathcar.java",
      "receiver": {
        "class": "com.Centum1.Sharathcars.entity.Sharathcar",
        "object_id": 913680335,
        "value": "com.Centum1.Sharathcars.entity.Sharathcar@3675a7cf"
      },
      "static": false,
      "thread_id": 192
    },
    {
      "elapsed": 0.0024352,
      "event": "return",
      "id": 27,
      "parent_id": 26,
      "thread_id": 192
    },
    {
      "defined_class": "com.Centum1.Sharathcars.entity.Sharathcar",
      "event": "call",
      "id": 28,
      "lineno": 61,
      "method_id": "setCarcode",
      "parameters": [
        {
          "class": "java.lang.String",
          "kind": "req",
          "name": "carcode",
          "object_id": 1566283990,
          "value": "string11"
        }
      ],
      "path": "com/Centum1/Sharathcars/entity/Sharathcar.java",
      "receiver": {
        "class": "com.Centum1.Sharathcars.entity.Sharathcar",
        "object_id": 913680335,
        "value": "com.Centum1.Sharathcars.entity.Sharathcar@3675a7cf"
      },
      "static": false,
      "thread_id": 192
    },
    {
      "elapsed": 0,
      "event": "return",
      "id": 29,
      "parent_id": 28,
      "thread_id": 192
    },
    {
      "defined_class": "com.Centum1.Sharathcars.entity.Sharathcar",
      "event": "call",
      "id": 30,
      "lineno": 69,
      "method_id": "setCarname",
      "parameters": [
        {
          "class": "java.lang.String",
          "kind": "req",
          "name": "carname",
          "object_id": 2114771545,
          "value": "string11"
        }
      ],
      "path": "com/Centum1/Sharathcars/entity/Sharathcar.java",
      "receiver": {
        "class": "com.Centum1.Sharathcars.entity.Sharathcar",
        "object_id": 913680335,
        "value": "com.Centum1.Sharathcars.entity.Sharathcar@3675a7cf"
      },
      "static": false,
      "thread_id": 192
    },
    {
      "elapsed": 0,
      "event": "return",
      "id": 31,
      "parent_id": 30,
      "thread_id": 192
    },
    {
      "defined_class": "com.Centum1.Sharathcars.entity.Sharathcar",
      "event": "call",
      "id": 32,
      "lineno": 77,
      "method_id": "setCarmodel",
      "parameters": [
        {
          "class": "java.lang.String",
          "kind": "req",
          "name": "carmodel",
          "object_id": 734731399,
          "value": "string11"
        }
      ],
      "path": "com/Centum1/Sharathcars/entity/Sharathcar.java",
      "receiver": {
        "class": "com.Centum1.Sharathcars.entity.Sharathcar",
        "object_id": 913680335,
        "value": "com.Centum1.Sharathcars.entity.Sharathcar@3675a7cf"
      },
      "static": false,
      "thread_id": 192
    },
    {
      "elapsed": 0,
      "event": "return",
      "id": 33,
      "parent_id": 32,
      "thread_id": 192
    },
    {
      "defined_class": "com.Centum1.Sharathcars.entity.Sharathcar",
      "event": "call",
      "id": 34,
      "lineno": 85,
      "method_id": "setCaryear",
      "parameters": [
        {
          "class": "java.lang.String",
          "kind": "req",
          "name": "caryear",
          "object_id": 1383676905,
          "value": "string11"
        }
      ],
      "path": "com/Centum1/Sharathcars/entity/Sharathcar.java",
      "receiver": {
        "class": "com.Centum1.Sharathcars.entity.Sharathcar",
        "object_id": 913680335,
        "value": "com.Centum1.Sharathcars.entity.Sharathcar@3675a7cf"
      },
      "static": false,
      "thread_id": 192
    },
    {
      "elapsed": 0,
      "event": "return",
      "id": 35,
      "parent_id": 34,
      "thread_id": 192
    },
    {
      "defined_class": "com.Centum1.Sharathcars.entity.Sharathcar",
      "event": "call",
      "id": 36,
      "lineno": 93,
      "method_id": "setCarcolour",
      "parameters": [
        {
          "class": "java.lang.String",
          "kind": "req",
          "name": "carcolour",
          "object_id": 1282289974,
          "value": "string11"
        }
      ],
      "path": "com/Centum1/Sharathcars/entity/Sharathcar.java",
      "receiver": {
        "class": "com.Centum1.Sharathcars.entity.Sharathcar",
        "object_id": 913680335,
        "value": "com.Centum1.Sharathcars.entity.Sharathcar@3675a7cf"
      },
      "static": false,
      "thread_id": 192
    },
    {
      "elapsed": 0,
      "event": "return",
      "id": 37,
      "parent_id": 36,
      "thread_id": 192
    },
    {
      "defined_class": "com.Centum1.Sharathcars.entity.Sharathcar",
      "event": "call",
      "id": 38,
      "lineno": 101,
      "method_id": "setCarvin",
      "parameters": [
        {
          "class": "java.lang.String",
          "kind": "req",
          "name": "carvin",
          "object_id": 1411970288,
          "value": "string11"
        }
      ],
      "path": "com/Centum1/Sharathcars/entity/Sharathcar.java",
      "receiver": {
        "class": "com.Centum1.Sharathcars.entity.Sharathcar",
        "object_id": 913680335,
        "value": "com.Centum1.Sharathcars.entity.Sharathcar@3675a7cf"
      },
      "static": false,
      "thread_id": 192
    },
    {
      "elapsed": 0,
      "event": "return",
      "id": 39,
      "parent_id": 38,
      "thread_id": 192
    },
    {
      "defined_class": "com.Centum1.Sharathcars.entity.Sharathcar",
      "event": "call",
      "id": 40,
      "lineno": 109,
      "method_id": "setCarowner",
      "parameters": [
        {
          "class": "java.lang.String",
          "kind": "req",
          "name": "carowner",
          "object_id": 670361046,
          "value": "string11"
        }
      ],
      "path": "com/Centum1/Sharathcars/entity/Sharathcar.java",
      "receiver": {
        "class": "com.Centum1.Sharathcars.entity.Sharathcar",
        "object_id": 913680335,
        "value": "com.Centum1.Sharathcars.entity.Sharathcar@3675a7cf"
      },
      "static": false,
      "thread_id": 192
    },
    {
      "elapsed": 0,
      "event": "return",
      "id": 41,
      "parent_id": 40,
      "thread_id": 192
    },
    {
      "defined_class": "com.Centum1.Sharathcars.entity.Sharathcar",
      "event": "call",
      "id": 42,
      "lineno": 117,
      "method_id": "setState",
      "parameters": [
        {
          "class": "java.lang.String",
          "kind": "req",
          "name": "state",
          "object_id": 1011430578,
          "value": "string11"
        }
      ],
      "path": "com/Centum1/Sharathcars/entity/Sharathcar.java",
      "receiver": {
        "class": "com.Centum1.Sharathcars.entity.Sharathcar",
        "object_id": 913680335,
        "value": "com.Centum1.Sharathcars.entity.Sharathcar@3675a7cf"
      },
      "static": false,
      "thread_id": 192
    },
    {
      "elapsed": 0,
      "event": "return",
      "id": 43,
      "parent_id": 42,
      "thread_id": 192
    },
    {
      "defined_class": "com.Centum1.Sharathcars.entity.Sharathcar",
      "event": "call",
      "id": 44,
      "lineno": 125,
      "method_id": "setMobilenumber",
      "parameters": [
        {
          "class": "java.lang.String",
          "kind": "req",
          "name": "mobilenumber",
          "object_id": 26432908,
          "value": "7646789712"
        }
      ],
      "path": "com/Centum1/Sharathcars/entity/Sharathcar.java",
      "receiver": {
        "class": "com.Centum1.Sharathcars.entity.Sharathcar",
        "object_id": 913680335,
        "value": "com.Centum1.Sharathcars.entity.Sharathcar@3675a7cf"
      },
      "static": false,
      "thread_id": 192
    },
    {
      "elapsed": 0,
      "event": "return",
      "id": 45,
      "parent_id": 44,
      "thread_id": 192
    },
    {
      "defined_class": "com.Centum1.Sharathcars.entity.Sharathcar",
      "event": "call",
      "id": 46,
      "lineno": 133,
      "method_id": "setPrice",
      "parameters": [
        {
          "class": "java.lang.String",
          "kind": "req",
          "name": "price",
          "object_id": 311406138,
          "value": "100000"
        }
      ],
      "path": "com/Centum1/Sharathcars/entity/Sharathcar.java",
      "receiver": {
        "class": "com.Centum1.Sharathcars.entity.Sharathcar",
        "object_id": 913680335,
        "value": "com.Centum1.Sharathcars.entity.Sharathcar@3675a7cf"
      },
      "static": false,
      "thread_id": 192
    },
    {
      "elapsed": 0,
      "event": "return",
      "id": 47,
      "parent_id": 46,
      "thread_id": 192
    },
    {
      "defined_class": "com.Centum1.Sharathcars.entity.Sharathcar",
      "event": "call",
      "id": 48,
      "lineno": 141,
      "method_id": "setDetails",
      "parameters": [
        {
          "class": "java.lang.String",
          "kind": "req",
          "name": "details",
          "object_id": 315962344,
          "value": "string11"
        }
      ],
      "path": "com/Centum1/Sharathcars/entity/Sharathcar.java",
      "receiver": {
        "class": "com.Centum1.Sharathcars.entity.Sharathcar",
        "object_id": 913680335,
        "value": "com.Centum1.Sharathcars.entity.Sharathcar@3675a7cf"
      },
      "static": false,
      "thread_id": 192
    },
    {
      "elapsed": 0,
      "event": "return",
      "id": 49,
      "parent_id": 48,
      "thread_id": 192
    },
    {
      "event": "call",
      "id": 50,
      "sql_query": {
        "database_type": "H2",
        "sql": "select next value for resales_cars_list_seq"
      },
      "thread_id": 192
    },
    {
      "elapsed": 0.00080494,
      "event": "return",
      "id": 51,
      "parent_id": 50,
      "thread_id": 192
    },
    {
      "event": "call",
      "id": 52,
      "sql_query": {
        "database_type": "H2",
        "sql": "insert into resales_cars_list (carcode,carcolour,carmodel,carname,carowner,carvin,caryear,details,mobilenumber,price,state,id) values (?,?,?,?,?,?,?,?,?,?,?,?)"
      },
      "thread_id": 192
    },
    {
      "elapsed": 0.00027937,
      "event": "return",
      "id": 53,
      "parent_id": 52,
      "thread_id": 192
    },
    {
      "elapsed": 0.06556988,
      "event": "return",
      "id": 54,
      "parent_id": 25,
      "return_value": {
        "class": "com.Centum1.Sharathcars.entity.Sharathcar",
        "object_id": 913680335,
        "value": "com.Centum1.Sharathcars.entity.Sharathcar@3675a7cf"
      },
      "thread_id": 192
    },
    {
      "elapsed": 0.06615624,
      "event": "return",
      "id": 55,
      "parent_id": 24,
      "return_value": {
        "class": "org.springframework.http.ResponseEntity",
        "object_id": 1442445489,
        "value": "<201 CREATED Created,com.Centum1.Sharathcars.entity.Sharathcar@3675a7cf,[]>"
      },
      "thread_id": 192
    },
    {
      "elapsed": 0.10149835,
      "event": "return",
      "http_server_response": {
        "headers": {
          "Transfer-Encoding": "chunked",
          "Keep-Alive": "timeout=60",
          "Connection": "keep-alive",
          "Date": "Mon, 04 Dec 2023 08:22:08 GMT",
          "Content-Type": "application/json"
        },
        "status": 201
      },
      "id": 56,
      "parent_id": 1,
      "thread_id": 192
    }
  ],
  "version": "1.2",
  "metadata": {
    "name": "POST /sharathcars/signup (201) - 13:52:07.234",
    "app": "Sharathcars",
    "language": {
      "name": "java",
      "version": "17.0.9+8-LTS",
      "engine": "OpenJDK 64-Bit Server VM"
    },
    "client": {
      "name": "appmap-java",
      "url": "https://github.com/appland/appmap-java"
    },
    "recorder": {
      "name": "request_recording",
      "type": "requests"
    },
    "recording": {}
  },
  "classMap": [
    {
      "children": [
        {
          "children": [
            {
              "children": [
                {
                  "children": [
                    {
                      "children": [
                        {
                          "name": "setCarcode",
                          "type": "function",
                          "static": false,
                          "location": "com/Centum1/Sharathcars/entity/Sharathcar.java:61"
                        },
                        {
                          "name": "setState",
                          "type": "function",
                          "static": false,
                          "location": "com/Centum1/Sharathcars/entity/Sharathcar.java:117"
                        },
                        {
                          "name": "setDetails",
                          "type": "function",
                          "static": false,
                          "location": "com/Centum1/Sharathcars/entity/Sharathcar.java:141"
                        },
                        {
                          "name": "setCarname",
                          "type": "function",
                          "static": false,
                          "location": "com/Centum1/Sharathcars/entity/Sharathcar.java:69"
                        },
                        {
                          "name": "setMobilenumber",
                          "type": "function",
                          "static": false,
                          "location": "com/Centum1/Sharathcars/entity/Sharathcar.java:125"
                        },
                        {
                          "name": "setCarcolour",
                          "type": "function",
                          "static": false,
                          "location": "com/Centum1/Sharathcars/entity/Sharathcar.java:93"
                        },
                        {
                          "name": "setCarowner",
                          "type": "function",
                          "static": false,
                          "location": "com/Centum1/Sharathcars/entity/Sharathcar.java:109"
                        },
                        {
                          "name": "setCarmodel",
                          "type": "function",
                          "static": false,
                          "location": "com/Centum1/Sharathcars/entity/Sharathcar.java:77"
                        },
                        {
                          "name": "setId",
                          "type": "function",
                          "static": false,
                          "location": "com/Centum1/Sharathcars/entity/Sharathcar.java:53"
                        },
                        {
                          "name": "setCarvin",
                          "type": "function",
                          "static": false,
                          "location": "com/Centum1/Sharathcars/entity/Sharathcar.java:101"
                        },
                        {
                          "name": "setPrice",
                          "type": "function",
                          "static": false,
                          "location": "com/Centum1/Sharathcars/entity/Sharathcar.java:133"
                        },
                        {
                          "name": "setCaryear",
                          "type": "function",
                          "static": false,
                          "location": "com/Centum1/Sharathcars/entity/Sharathcar.java:85"
                        }
                      ],
                      "name": "Sharathcar",
                      "type": "class"
                    }
                  ],
                  "name": "entity",
                  "type": "package"
                },
                {
                  "children": [
                    {
                      "children": [
                        {
                          "name": "setDetails",
                          "type": "function",
                          "static": false,
                          "location": "com/Centum1/Sharathcars/dto/SharathcarRequest.java:134"
                        },
                        {
                          "name": "setMobilenumber",
                          "type": "function",
                          "static": false,
                          "location": "com/Centum1/Sharathcars/dto/SharathcarRequest.java:118"
                        },
                        {
                          "name": "setCarname",
                          "type": "function",
                          "static": false,
                          "location": "com/Centum1/Sharathcars/dto/SharathcarRequest.java:62"
                        },
                        {
                          "name": "setCaryear",
                          "type": "function",
                          "static": false,
                          "location": "com/Centum1/Sharathcars/dto/SharathcarRequest.java:78"
                        },
                        {
                          "name": "setState",
                          "type": "function",
                          "static": false,
                          "location": "com/Centum1/Sharathcars/dto/SharathcarRequest.java:110"
                        },
                        {
                          "name": "setCarmodel",
                          "type": "function",
                          "static": false,
                          "location": "com/Centum1/Sharathcars/dto/SharathcarRequest.java:70"
                        },
                        {
                          "name": "setCarcode",
                          "type": "function",
                          "static": false,
                          "location": "com/Centum1/Sharathcars/dto/SharathcarRequest.java:54"
                        },
                        {
                          "name": "setCarcolour",
                          "type": "function",
                          "static": false,
                          "location": "com/Centum1/Sharathcars/dto/SharathcarRequest.java:86"
                        },
                        {
                          "name": "setCarowner",
                          "type": "function",
                          "static": false,
                          "location": "com/Centum1/Sharathcars/dto/SharathcarRequest.java:102"
                        },
                        {
                          "name": "setPrice",
                          "type": "function",
                          "static": false,
                          "location": "com/Centum1/Sharathcars/dto/SharathcarRequest.java:126"
                        },
                        {
                          "name": "setCarvin",
                          "type": "function",
                          "static": false,
                          "location": "com/Centum1/Sharathcars/dto/SharathcarRequest.java:94"
                        }
                      ],
                      "name": "SharathcarRequest",
                      "type": "class"
                    }
                  ],
                  "name": "dto",
                  "type": "package"
                },
                {
                  "children": [
                    {
                      "children": [
                        {
                          "name": "saveUsers",
                          "type": "function",
                          "static": false,
                          "location": "com/Centum1/Sharathcars/controller/SharathcarController.java:24"
                        }
                      ],
                      "name": "SharathcarController",
                      "type": "class"
                    }
                  ],
                  "name": "controller",
                  "type": "package"
                },
                {
                  "children": [
                    {
                      "children": [
                        {
                          "name": "saveUsers",
                          "type": "function",
                          "static": false,
                          "location": "com/Centum1/Sharathcars/service/SharathcarService.java:18"
                        }
                      ],
                      "name": "SharathcarService",
                      "type": "class"
                    }
                  ],
                  "name": "service",
                  "type": "package"
                }
              ],
              "name": "Sharathcars",
              "type": "package"
            }
          ],
          "name": "Centum1",
          "type": "package"
        }
      ],
      "name": "com",
      "type": "package"
    },
    {
      "type": "http",
      "name": "HTTP server requests",
      "children": [
        {
          "type": "route",
          "name": "POST /sharathcars/signup"
        }
      ]
    },
    {
      "type": "database",
      "name": "Database",
      "children": [
        {
          "type": "query",
          "name": "select next value for resales_cars_list_seq"
        },
        {
          "type": "query",
          "name": "insert into resales_cars_list (carcode,carcolour,carmodel,carname,carowner,carvin,caryear,details,mobilenumber,price,state,id) values (?,?,?,?,?,?,?,?,?,?,?,?)"
        }
      ]
    }
  ]
}