{
  "events": [
    {
      "event": "call",
      "http_server_request": {
        "headers": {
          "sec-fetch-mode": "navigate",
          "referer": "http://localhost:9092/h2-console/login.do?jsessionid=2c4ce20b57aaea51cb8973ccd25a3d8f",
          "sec-fetch-site": "same-origin",
          "accept-language": "en-US,en;q=0.9",
          "dnt": "1",
          "accept": "text/html,application/xhtml+xml,application/xml;q=0.9,image/avif,image/webp,image/apng,*/*;q=0.8,application/signed-exchange;v=b3;q=0.7",
          "sec-ch-ua": "\"Google Chrome\";v=\"119\", \"Chromium\";v=\"119\", \"Not?A_Brand\";v=\"24\"",
          "sec-ch-ua-mobile": "?0",
          "sec-ch-ua-platform": "\"Windows\"",
          "host": "localhost:9092",
          "upgrade-insecure-requests": "1",
          "connection": "keep-alive",
          "accept-encoding": "gzip, deflate, br",
          "user-agent": "Mozilla/5.0 (Windows NT 10.0; Win64; x64) AppleWebKit/537.36 (KHTML, like Gecko) Chrome/119.0.0.0 Safari/537.36",
          "sec-fetch-dest": "frame"
        },
        "path_info": "/h2-console/query.jsp",
        "protocol": "HTTP/1.1",
        "request_method": "GET"
      },
      "id": 1,
      "message": [
        {
          "class": "java.lang.String",
          "kind": "req",
          "name": "jsessionid",
          "object_id": 293156077,
          "value": "2c4ce20b57aaea51cb8973ccd25a3d8f"
        }
      ],
      "thread_id": 192
    },
    {
      "elapsed": 0.00099947,
      "event": "return",
      "http_server_response": {
        "headers": {
          "Transfer-Encoding": "chunked",
          "Keep-Alive": "timeout=60",
          "Cache-Control": "no-cache",
          "Connection": "keep-alive",
          "Date": "Mon, 04 Dec 2023 08:32:42 GMT",
          "Content-Type": "text/html"
        },
        "status": 200
      },
      "id": 2,
      "parent_id": 1,
      "thread_id": 192
    }
  ],
  "version": "1.2",
  "metadata": {
    "name": "GET /h2-console/query.jsp (200) - 14:02:42.415",
    "app": "Sharathcars",
    "language": {
      "name": "java",
      "version": "17.0.9+8-LTS",
      "engine": "OpenJDK 64-Bit Server VM"
    },
    "client": {
      "name": "appmap-java",
      "url": "https://github.com/appland/appmap-java"
    },
    "recorder": {
      "name": "request_recording",
      "type": "requests"
    },
    "recording": {}
  },
  "classMap": [
    {
      "type": "http",
      "name": "HTTP server requests",
      "children": [
        {
          "type": "route",
          "name": "GET /h2-console/query.jsp"
        }
      ]
    }
  ]
}