{
  "events": [
    {
      "event": "call",
      "http_server_request": {
        "headers": {
          "sec-fetch-mode": "no-cors",
          "referer": "http://localhost:9092/h2-console/login.jsp?jsessionid=2c4ce20b57aaea51cb8973ccd25a3d8f",
          "sec-fetch-site": "same-origin",
          "accept-language": "en-US,en;q=0.9",
          "dnt": "1",
          "accept": "image/avif,image/webp,image/apng,image/svg+xml,image/*,*/*;q=0.8",
          "sec-ch-ua": "\"Google Chrome\";v=\"119\", \"Chromium\";v=\"119\", \"Not?A_Brand\";v=\"24\"",
          "sec-ch-ua-mobile": "?0",
          "sec-ch-ua-platform": "\"Windows\"",
          "host": "localhost:9092",
          "connection": "keep-alive",
          "accept-encoding": "gzip, deflate, br",
          "user-agent": "Mozilla/5.0 (Windows NT 10.0; Win64; x64) AppleWebKit/537.36 (KHTML, like Gecko) Chrome/119.0.0.0 Safari/537.36",
          "sec-fetch-dest": "image"
        },
        "path_info": "/favicon.ico",
        "protocol": "HTTP/1.1",
        "request_method": "GET"
      },
      "id": 1,
      "thread_id": 189
    },
    {
      "elapsed": 0.00830672,
      "event": "return",
      "http_server_response": {
        "headers": {
          "Vary": "Origin"
        },
        "status": 404
      },
      "id": 2,
      "parent_id": 1,
      "thread_id": 189
    },
    {
      "event": "call",
      "http_server_request": {
        "headers": {
          "sec-fetch-mode": "no-cors",
          "referer": "http://localhost:9092/h2-console/login.jsp?jsessionid=2c4ce20b57aaea51cb8973ccd25a3d8f",
          "sec-fetch-site": "same-origin",
          "accept-language": "en-US,en;q=0.9",
          "dnt": "1",
          "accept": "image/avif,image/webp,image/apng,image/svg+xml,image/*,*/*;q=0.8",
          "sec-ch-ua": "\"Google Chrome\";v=\"119\", \"Chromium\";v=\"119\", \"Not?A_Brand\";v=\"24\"",
          "sec-ch-ua-mobile": "?0",
          "sec-ch-ua-platform": "\"Windows\"",
          "host": "localhost:9092",
          "connection": "keep-alive",
          "accept-encoding": "gzip, deflate, br",
          "user-agent": "Mozilla/5.0 (Windows NT 10.0; Win64; x64) AppleWebKit/537.36 (KHTML, like Gecko) Chrome/119.0.0.0 Safari/537.36",
          "sec-fetch-dest": "image"
        },
        "normalized_path_info": "/error",
        "path_info": "/error",
        "protocol": "HTTP/1.1",
        "request_method": "GET"
      },
      "id": 3,
      "thread_id": 189
    },
    {
      "elapsed": 0.01207002,
      "event": "return",
      "http_server_response": {
        "headers": {
          "Transfer-Encoding": "chunked",
          "Keep-Alive": "timeout=60",
          "Connection": "keep-alive",
          "Vary": "Origin",
          "Date": "Mon, 04 Dec 2023 08:32:40 GMT",
          "Content-Type": "application/json"
        },
        "status": 404
      },
      "id": 4,
      "parent_id": 3,
      "thread_id": 189
    }
  ],
  "version": "1.2",
  "metadata": {
    "name": "GET /favicon.ico (404) - 14:02:40.751",
    "app": "Sharathcars",
    "language": {
      "name": "java",
      "version": "17.0.9+8-LTS",
      "engine": "OpenJDK 64-Bit Server VM"
    },
    "client": {
      "name": "appmap-java",
      "url": "https://github.com/appland/appmap-java"
    },
    "recorder": {
      "name": "request_recording",
      "type": "requests"
    },
    "recording": {}
  },
  "classMap": [
    {
      "type": "http",
      "name": "HTTP server requests",
      "children": [
        {
          "type": "route",
          "name": "GET /favicon.ico"
        },
        {
          "type": "route",
          "name": "GET /error"
        }
      ]
    }
  ]
}