{
  "events": [
    {
      "event": "call",
      "http_server_request": {
        "headers": {
          "sec-fetch-mode": "no-cors",
          "referer": "http://localhost:9092/h2-console/tables.do?jsessionid=2c4ce20b57aaea51cb8973ccd25a3d8f",
          "sec-fetch-site": "same-origin",
          "accept-language": "en-US,en;q=0.9",
          "dnt": "1",
          "accept": "image/avif,image/webp,image/apng,image/svg+xml,image/*,*/*;q=0.8",
          "if-modified-since": "Mon, 4 Dec 2023 04:03:11 UTC",
          "sec-ch-ua": "\"Google Chrome\";v=\"119\", \"Chromium\";v=\"119\", \"Not?A_Brand\";v=\"24\"",
          "sec-ch-ua-mobile": "?0",
          "sec-ch-ua-platform": "\"Windows\"",
          "host": "localhost:9092",
          "connection": "keep-alive",
          "accept-encoding": "gzip, deflate, br",
          "user-agent": "Mozilla/5.0 (Windows NT 10.0; Win64; x64) AppleWebKit/537.36 (KHTML, like Gecko) Chrome/119.0.0.0 Safari/537.36",
          "sec-fetch-dest": "image"
        },
        "path_info": "/h2-console/tree_minus.gif",
        "protocol": "HTTP/1.1",
        "request_method": "GET"
      },
      "id": 1,
      "thread_id": 188
    },
    {
      "elapsed": 0.00010622,
      "event": "return",
      "http_server_response": {
        "headers": {
          "Cache-Control": "max-age=10",
          "Last-Modified": "Mon, 4 Dec 2023 08:32:40 UTC"
        },
        "status": 200
      },
      "id": 2,
      "parent_id": 1,
      "thread_id": 188
    }
  ],
  "version": "1.2",
  "metadata": {
    "name": "GET /h2-console/tree_minus.gif (200) - 14:02:43.470",
    "app": "Sharathcars",
    "language": {
      "name": "java",
      "version": "17.0.9+8-LTS",
      "engine": "OpenJDK 64-Bit Server VM"
    },
    "client": {
      "name": "appmap-java",
      "url": "https://github.com/appland/appmap-java"
    },
    "recorder": {
      "name": "request_recording",
      "type": "requests"
    },
    "recording": {}
  },
  "classMap": [
    {
      "type": "http",
      "name": "HTTP server requests",
      "children": [
        {
          "type": "route",
          "name": "GET /h2-console/tree_minus.gif"
        }
      ]
    }
  ]
}