{
  "events": [
    {
      "event": "call",
      "http_server_request": {
        "headers": {
          "sec-fetch-mode": "navigate",
          "referer": "http://localhost:9092/h2-console/login.do?jsessionid=2c4ce20b57aaea51cb8973ccd25a3d8f",
          "sec-fetch-site": "same-origin",
          "accept-language": "en-US,en;q=0.9",
          "dnt": "1",
          "accept": "text/html,application/xhtml+xml,application/xml;q=0.9,image/avif,image/webp,image/apng,*/*;q=0.8,application/signed-exchange;v=b3;q=0.7",
          "sec-ch-ua": "\"Google Chrome\";v=\"119\", \"Chromium\";v=\"119\", \"Not?A_Brand\";v=\"24\"",
          "sec-ch-ua-mobile": "?0",
          "sec-ch-ua-platform": "\"Windows\"",
          "host": "localhost:9092",
          "upgrade-insecure-requests": "1",
          "connection": "keep-alive",
          "accept-encoding": "gzip, deflate, br",
          "user-agent": "Mozilla/5.0 (Windows NT 10.0; Win64; x64) AppleWebKit/537.36 (KHTML, like Gecko) Chrome/119.0.0.0 Safari/537.36",
          "sec-fetch-dest": "frame"
        },
        "path_info": "/h2-console/tables.do",
        "protocol": "HTTP/1.1",
        "request_method": "GET"
      },
      "id": 1,
      "message": [
        {
          "class": "java.lang.String",
          "kind": "req",
          "name": "jsessionid",
          "object_id": 632842906,
          "value": "2c4ce20b57aaea51cb8973ccd25a3d8f"
        }
      ],
      "thread_id": 193
    },
    {
      "event": "call",
      "id": 2,
      "sql_query": {
        "database_type": "H2",
        "sql": "SELECT COLUMN_NAME, ORDINAL_POSITION, DATA_TYPE_SQL(?1, ?2, 'TABLE', ORDINAL_POSITION) COLUMN_TYPE FROM INFORMATION_SCHEMA.COLUMNS WHERE TABLE_SCHEMA = ?1 AND TABLE_NAME = ?2"
      },
      "thread_id": 193
    },
    {
      "elapsed": 0.00150909,
      "event": "return",
      "id": 3,
      "parent_id": 2,
      "thread_id": 193
    },
    {
      "event": "call",
      "id": 4,
      "sql_query": {
        "database_type": "H2",
        "sql": "SELECT COLUMN_NAME, ORDINAL_POSITION, DATA_TYPE_SQL(?1, ?2, 'TABLE', ORDINAL_POSITION) COLUMN_TYPE FROM INFORMATION_SCHEMA.COLUMNS WHERE TABLE_SCHEMA = ?1 AND TABLE_NAME = ?2"
      },
      "thread_id": 193
    },
    {
      "elapsed": 0.00008308,
      "event": "return",
      "id": 5,
      "parent_id": 4,
      "thread_id": 193
    },
    {
      "event": "call",
      "id": 6,
      "sql_query": {
        "database_type": "H2",
        "sql": "SELECT VIEW_DEFINITION FROM INFORMATION_SCHEMA.VIEWS WHERE TABLE_SCHEMA = ? AND TABLE_NAME = ?"
      },
      "thread_id": 193
    },
    {
      "elapsed": 0.00060212,
      "event": "return",
      "id": 7,
      "parent_id": 6,
      "thread_id": 193
    },
    {
      "event": "call",
      "id": 8,
      "sql_query": {
        "database_type": "H2",
        "sql": "SELECT SEQUENCE_NAME, BASE_VALUE, INCREMENT FROM INFORMATION_SCHEMA.SEQUENCES ORDER BY SEQUENCE_NAME"
      },
      "thread_id": 193
    },
    {
      "elapsed": 0.00050864,
      "event": "return",
      "id": 9,
      "parent_id": 8,
      "thread_id": 193
    },
    {
      "event": "call",
      "id": 10,
      "sql_query": {
        "database_type": "H2",
        "sql": "SELECT USER_NAME, IS_ADMIN FROM INFORMATION_SCHEMA.USERS ORDER BY USER_NAME"
      },
      "thread_id": 193
    },
    {
      "elapsed": 0,
      "event": "return",
      "id": 11,
      "parent_id": 10,
      "thread_id": 193
    },
    {
      "elapsed": 0.07866764,
      "event": "return",
      "http_server_response": {
        "headers": {
          "Cache-Control": "no-cache"
        },
        "status": 200
      },
      "id": 12,
      "parent_id": 1,
      "thread_id": 193
    }
  ],
  "version": "1.2",
  "metadata": {
    "name": "GET /h2-console/tables.do (200) - 14:02:42.410",
    "app": "Sharathcars",
    "language": {
      "name": "java",
      "version": "17.0.9+8-LTS",
      "engine": "OpenJDK 64-Bit Server VM"
    },
    "client": {
      "name": "appmap-java",
      "url": "https://github.com/appland/appmap-java"
    },
    "recorder": {
      "name": "request_recording",
      "type": "requests"
    },
    "recording": {}
  },
  "classMap": [
    {
      "type": "http",
      "name": "HTTP server requests",
      "children": [
        {
          "type": "route",
          "name": "GET /h2-console/tables.do"
        }
      ]
    },
    {
      "type": "database",
      "name": "Database",
      "children": [
        {
          "type": "query",
          "name": "SELECT COLUMN_NAME, ORDINAL_POSITION, DATA_TYPE_SQL(?1, ?2, 'TABLE', ORDINAL_POSITION) COLUMN_TYPE FROM INFORMATION_SCHEMA.COLUMNS WHERE TABLE_SCHEMA = ?1 AND TABLE_NAME = ?2"
        },
        {
          "type": "query",
          "name": "SELECT VIEW_DEFINITION FROM INFORMATION_SCHEMA.VIEWS WHERE TABLE_SCHEMA = ? AND TABLE_NAME = ?"
        },
        {
          "type": "query",
          "name": "SELECT SEQUENCE_NAME, BASE_VALUE, INCREMENT FROM INFORMATION_SCHEMA.SEQUENCES ORDER BY SEQUENCE_NAME"
        },
        {
          "type": "query",
          "name": "SELECT USER_NAME, IS_ADMIN FROM INFORMATION_SCHEMA.USERS ORDER BY USER_NAME"
        }
      ]
    }
  ]
}