{
  "events": [
    {
      "event": "call",
      "http_server_request": {
        "headers": {
          "sec-fetch-mode": "cors",
          "referer": "http://localhost:9092/swagger-ui/index.html",
          "sec-fetch-site": "same-origin",
          "accept-language": "en-US,en;q=0.9",
          "dnt": "1",
          "accept": "application/json,*/*",
          "sec-ch-ua": "\"Google Chrome\";v=\"119\", \"Chromium\";v=\"119\", \"Not?A_Brand\";v=\"24\"",
          "sec-ch-ua-mobile": "?0",
          "sec-ch-ua-platform": "\"Windows\"",
          "host": "localhost:9092",
          "connection": "keep-alive",
          "accept-encoding": "gzip, deflate, br",
          "user-agent": "Mozilla/5.0 (Windows NT 10.0; Win64; x64) AppleWebKit/537.36 (KHTML, like Gecko) Chrome/119.0.0.0 Safari/537.36",
          "sec-fetch-dest": "empty"
        },
        "normalized_path_info": "/v3/api-docs",
        "path_info": "/v3/api-docs",
        "protocol": "HTTP/1.1",
        "request_method": "GET"
      },
      "id": 1,
      "thread_id": 189
    },
    {
      "elapsed": 0.18020649,
      "event": "return",
      "http_server_response": {
        "headers": {
          "Keep-Alive": "timeout=60",
          "Connection": "keep-alive",
          "Content-Length": "2318",
          "Date": "Mon, 04 Dec 2023 08:21:41 GMT",
          "Content-Type": "application/json"
        },
        "status": 200
      },
      "id": 2,
      "parent_id": 1,
      "thread_id": 189
    }
  ],
  "version": "1.2",
  "metadata": {
    "name": "GET /v3/api-docs (200) - 13:51:39.220",
    "app": "Sharathcars",
    "language": {
      "name": "java",
      "version": "17.0.9+8-LTS",
      "engine": "OpenJDK 64-Bit Server VM"
    },
    "client": {
      "name": "appmap-java",
      "url": "https://github.com/appland/appmap-java"
    },
    "recorder": {
      "name": "request_recording",
      "type": "requests"
    },
    "recording": {}
  },
  "classMap": [
    {
      "type": "http",
      "name": "HTTP server requests",
      "children": [
        {
          "type": "route",
          "name": "GET /v3/api-docs"
        }
      ]
    }
  ]
}