{
  "events": [
    {
      "event": "call",
      "http_server_request": {
        "headers": {
          "sec-fetch-mode": "cors",
          "referer": "http://localhost:9092/swagger-ui/index.html",
          "sec-fetch-site": "same-origin",
          "accept-language": "en-US,en;q=0.9",
          "dnt": "1",
          "accept": "*/*",
          "sec-ch-ua": "\"Google Chrome\";v=\"119\", \"Chromium\";v=\"119\", \"Not?A_Brand\";v=\"24\"",
          "sec-ch-ua-mobile": "?0",
          "sec-ch-ua-platform": "\"Windows\"",
          "host": "localhost:9092",
          "connection": "keep-alive",
          "accept-encoding": "gzip, deflate, br",
          "user-agent": "Mozilla/5.0 (Windows NT 10.0; Win64; x64) AppleWebKit/537.36 (KHTML, like Gecko) Chrome/119.0.0.0 Safari/537.36",
          "sec-fetch-dest": "empty"
        },
        "normalized_path_info": "/sharathcars/fetchall",
        "path_info": "/sharathcars/fetchall",
        "protocol": "HTTP/1.1",
        "request_method": "GET"
      },
      "id": 1,
      "thread_id": 187
    },
    {
      "defined_class": "com.Centum1.Sharathcars.controller.SharathcarController",
      "event": "call",
      "id": 2,
      "lineno": 29,
      "method_id": "getallcars",
      "path": "com/Centum1/Sharathcars/controller/SharathcarController.java",
      "receiver": {
        "class": "com.Centum1.Sharathcars.controller.SharathcarController",
        "object_id": 1048033334,
        "value": "com.Centum1.Sharathcars.controller.SharathcarController@3e77b836"
      },
      "static": false,
      "thread_id": 187
    },
    {
      "event": "call",
      "id": 3,
      "sql_query": {
        "database_type": "H2",
        "sql": "select s1_0.id,s1_0.carcode,s1_0.carcolour,s1_0.carmodel,s1_0.carname,s1_0.carowner,s1_0.carvin,s1_0.caryear,s1_0.details,s1_0.mobilenumber,s1_0.price,s1_0.state from resales_cars_list s1_0"
      },
      "thread_id": 187
    },
    {
      "elapsed": 0,
      "event": "return",
      "id": 4,
      "parent_id": 3,
      "thread_id": 187
    },
    {
      "elapsed": 0.05006115,
      "event": "return",
      "id": 5,
      "parent_id": 2,
      "return_value": {
        "class": "org.springframework.http.ResponseEntity",
        "object_id": 44368153,
        "value": "<200 OK OK,[com.Centum1.Sharathcars.entity.Sharathcar@7f2baf45, com.Centum1.Sharathcars.entity.Sharathcar@748b0826],[]>"
      },
      "thread_id": 187
    },
    {
      "elapsed": 0.05103142,
      "event": "return",
      "http_server_response": {
        "headers": {
          "Transfer-Encoding": "chunked",
          "Keep-Alive": "timeout=60",
          "Connection": "keep-alive",
          "Date": "Mon, 04 Dec 2023 08:22:50 GMT",
          "Content-Type": "application/json"
        },
        "status": 200
      },
      "id": 6,
      "parent_id": 1,
      "thread_id": 187
    }
  ],
  "version": "1.2",
  "metadata": {
    "name": "GET /sharathcars/fetchall (200) - 13:52:50.063",
    "app": "Sharathcars",
    "language": {
      "name": "java",
      "version": "17.0.9+8-LTS",
      "engine": "OpenJDK 64-Bit Server VM"
    },
    "client": {
      "name": "appmap-java",
      "url": "https://github.com/appland/appmap-java"
    },
    "recorder": {
      "name": "request_recording",
      "type": "requests"
    },
    "recording": {}
  },
  "classMap": [
    {
      "children": [
        {
          "children": [
            {
              "children": [
                {
                  "children": [
                    {
                      "children": [
                        {
                          "name": "getallcars",
                          "type": "function",
                          "static": false,
                          "location": "com/Centum1/Sharathcars/controller/SharathcarController.java:29"
                        }
                      ],
                      "name": "SharathcarController",
                      "type": "class"
                    }
                  ],
                  "name": "controller",
                  "type": "package"
                }
              ],
              "name": "Sharathcars",
              "type": "package"
            }
          ],
          "name": "Centum1",
          "type": "package"
        }
      ],
      "name": "com",
      "type": "package"
    },
    {
      "type": "http",
      "name": "HTTP server requests",
      "children": [
        {
          "type": "route",
          "name": "GET /sharathcars/fetchall"
        }
      ]
    },
    {
      "type": "database",
      "name": "Database",
      "children": [
        {
          "type": "query",
          "name": "select s1_0.id,s1_0.carcode,s1_0.carcolour,s1_0.carmodel,s1_0.carname,s1_0.carowner,s1_0.carvin,s1_0.caryear,s1_0.details,s1_0.mobilenumber,s1_0.price,s1_0.state from resales_cars_list s1_0"
        }
      ]
    }
  ]
}