[
  {
    "type": "http",
    "name": "HTTP server requests",
    "children": [
      {
        "type": "route",
        "name": "GET /h2-console/tables.do"
      }
    ]
  },
  {
    "type": "database",
    "name": "Database",
    "children": [
      {
        "type": "query",
        "name": "SELECT COLUMN_NAME, ORDINAL_POSITION, DATA_TYPE_SQL(?1, ?2, 'TABLE', ORDINAL_POSITION) COLUMN_TYPE FROM INFORMATION_SCHEMA.COLUMNS WHERE TABLE_SCHEMA = ?1 AND TABLE_NAME = ?2"
      },
      {
        "type": "query",
        "name": "SELECT VIEW_DEFINITION FROM INFORMATION_SCHEMA.VIEWS WHERE TABLE_SCHEMA = ? AND TABLE_NAME = ?"
      },
      {
        "type": "query",
        "name": "SELECT SEQUENCE_NAME, BASE_VALUE, INCREMENT FROM INFORMATION_SCHEMA.SEQUENCES ORDER BY SEQUENCE_NAME"
      },
      {
        "type": "query",
        "name": "SELECT USER_NAME, IS_ADMIN FROM INFORMATION_SCHEMA.USERS ORDER BY USER_NAME"
      }
    ]
  }
]