[
  {
    "caller": "GET /sharathcars/fetchall",
    "callee": "com/Centum1"
  },
  {
    "caller": "GET /sharathcars/{id}",
    "callee": "com/Centum1"
  },
  {
    "caller": "POST /sharathcars/signup",
    "callee": "com/Centum1"
  },
  {
    "caller": "com/Centum1",
    "callee": "insert into resales_cars_list (carcode,carcolour,carmodel,carname,carowner,carvin,caryear,details,mobilenumber,price,state,id) values (?,?,?,?,?,?,?,?,?,?,?,?)"
  },
  {
    "caller": "com/Centum1",
    "callee": "select next value for resales_cars_list_seq"
  },
  {
    "caller": "com/Centum1",
    "callee": "select s1_0.id,s1_0.carcode,s1_0.carcolour,s1_0.carmodel,s1_0.carname,s1_0.carowner,s1_0.carvin,s1_0.caryear,s1_0.details,s1_0.mobilenumber,s1_0.price,s1_0.state from resales_cars_list s1_0 where s1_0.id=?"
  },
  {
    "caller": "com/Centum1",
    "callee": "select s1_0.id,s1_0.carcode,s1_0.carcolour,s1_0.carmodel,s1_0.carname,s1_0.carowner,s1_0.carvin,s1_0.caryear,s1_0.details,s1_0.mobilenumber,s1_0.price,s1_0.state from resales_cars_list s1_0"
  }
]