[
  {
    "children": [
      {
        "children": [
          {
            "children": [
              {
                "children": [
                  {
                    "children": [
                      {
                        "name": "setCarcode",
                        "type": "function",
                        "static": false,
                        "location": "com/Centum1/Sharathcars/entity/Sharathcar.java:61"
                      },
                      {
                        "name": "setState",
                        "type": "function",
                        "static": false,
                        "location": "com/Centum1/Sharathcars/entity/Sharathcar.java:117"
                      },
                      {
                        "name": "setDetails",
                        "type": "function",
                        "static": false,
                        "location": "com/Centum1/Sharathcars/entity/Sharathcar.java:141"
                      },
                      {
                        "name": "setCarname",
                        "type": "function",
                        "static": false,
                        "location": "com/Centum1/Sharathcars/entity/Sharathcar.java:69"
                      },
                      {
                        "name": "setMobilenumber",
                        "type": "function",
                        "static": false,
                        "location": "com/Centum1/Sharathcars/entity/Sharathcar.java:125"
                      },
                      {
                        "name": "setCarcolour",
                        "type": "function",
                        "static": false,
                        "location": "com/Centum1/Sharathcars/entity/Sharathcar.java:93"
                      },
                      {
                        "name": "setCarowner",
                        "type": "function",
                        "static": false,
                        "location": "com/Centum1/Sharathcars/entity/Sharathcar.java:109"
                      },
                      {
                        "name": "setCarmodel",
                        "type": "function",
                        "static": false,
                        "location": "com/Centum1/Sharathcars/entity/Sharathcar.java:77"
                      },
                      {
                        "name": "setId",
                        "type": "function",
                        "static": false,
                        "location": "com/Centum1/Sharathcars/entity/Sharathcar.java:53"
                      },
                      {
                        "name": "setCarvin",
                        "type": "function",
                        "static": false,
                        "location": "com/Centum1/Sharathcars/entity/Sharathcar.java:101"
                      },
                      {
                        "name": "setPrice",
                        "type": "function",
                        "static": false,
                        "location": "com/Centum1/Sharathcars/entity/Sharathcar.java:133"
                      },
                      {
                        "name": "setCaryear",
                        "type": "function",
                        "static": false,
                        "location": "com/Centum1/Sharathcars/entity/Sharathcar.java:85"
                      }
                    ],
                    "name": "Sharathcar",
                    "type": "class"
                  }
                ],
                "name": "entity",
                "type": "package"
              },
              {
                "children": [
                  {
                    "children": [
                      {
                        "name": "setDetails",
                        "type": "function",
                        "static": false,
                        "location": "com/Centum1/Sharathcars/dto/SharathcarRequest.java:134"
                      },
                      {
                        "name": "setMobilenumber",
                        "type": "function",
                        "static": false,
                        "location": "com/Centum1/Sharathcars/dto/SharathcarRequest.java:118"
                      },
                      {
                        "name": "setCarname",
                        "type": "function",
                        "static": false,
                        "location": "com/Centum1/Sharathcars/dto/SharathcarRequest.java:62"
                      },
                      {
                        "name": "setCaryear",
                        "type": "function",
                        "static": false,
                        "location": "com/Centum1/Sharathcars/dto/SharathcarRequest.java:78"
                      },
                      {
                        "name": "setState",
                        "type": "function",
                        "static": false,
                        "location": "com/Centum1/Sharathcars/dto/SharathcarRequest.java:110"
                      },
                      {
                        "name": "setCarmodel",
                        "type": "function",
                        "static": false,
                        "location": "com/Centum1/Sharathcars/dto/SharathcarRequest.java:70"
                      },
                      {
                        "name": "setCarcode",
                        "type": "function",
                        "static": false,
                        "location": "com/Centum1/Sharathcars/dto/SharathcarRequest.java:54"
                      },
                      {
                        "name": "setCarcolour",
                        "type": "function",
                        "static": false,
                        "location": "com/Centum1/Sharathcars/dto/SharathcarRequest.java:86"
                      },
                      {
                        "name": "setCarowner",
                        "type": "function",
                        "static": false,
                        "location": "com/Centum1/Sharathcars/dto/SharathcarRequest.java:102"
                      },
                      {
                        "name": "setPrice",
                        "type": "function",
                        "static": false,
                        "location": "com/Centum1/Sharathcars/dto/SharathcarRequest.java:126"
                      },
                      {
                        "name": "setCarvin",
                        "type": "function",
                        "static": false,
                        "location": "com/Centum1/Sharathcars/dto/SharathcarRequest.java:94"
                      }
                    ],
                    "name": "SharathcarRequest",
                    "type": "class"
                  }
                ],
                "name": "dto",
                "type": "package"
              },
              {
                "children": [
                  {
                    "children": [
                      {
                        "name": "saveUsers",
                        "type": "function",
                        "static": false,
                        "location": "com/Centum1/Sharathcars/controller/SharathcarController.java:24"
                      }
                    ],
                    "name": "SharathcarController",
                    "type": "class"
                  }
                ],
                "name": "controller",
                "type": "package"
              },
              {
                "children": [
                  {
                    "children": [
                      {
                        "name": "saveUsers",
                        "type": "function",
                        "static": false,
                        "location": "com/Centum1/Sharathcars/service/SharathcarService.java:18"
                      }
                    ],
                    "name": "SharathcarService",
                    "type": "class"
                  }
                ],
                "name": "service",
                "type": "package"
              }
            ],
            "name": "Sharathcars",
            "type": "package"
          }
        ],
        "name": "Centum1",
        "type": "package"
      }
    ],
    "name": "com",
    "type": "package"
  },
  {
    "type": "http",
    "name": "HTTP server requests",
    "children": [
      {
        "type": "route",
        "name": "POST /sharathcars/signup"
      }
    ]
  },
  {
    "type": "database",
    "name": "Database",
    "children": [
      {
        "type": "query",
        "name": "select next value for resales_cars_list_seq"
      },
      {
        "type": "query",
        "name": "insert into resales_cars_list (carcode,carcolour,carmodel,carname,carowner,carvin,caryear,details,mobilenumber,price,state,id) values (?,?,?,?,?,?,?,?,?,?,?,?)"
      }
    ]
  }
]