{
  "events": [
    {
      "event": "call",
      "http_server_request": {
        "headers": {
          "sec-fetch-mode": "no-cors",
          "referer": "http://localhost:9092/swagger-ui/index.html",
          "sec-fetch-site": "same-origin",
          "accept-language": "en-US,en;q=0.9",
          "dnt": "1",
          "accept": "*/*",
          "sec-ch-ua": "\"Google Chrome\";v=\"119\", \"Chromium\";v=\"119\", \"Not?A_Brand\";v=\"24\"",
          "sec-ch-ua-mobile": "?0",
          "sec-ch-ua-platform": "\"Windows\"",
          "host": "localhost:9092",
          "connection": "keep-alive",
          "accept-encoding": "gzip, deflate, br",
          "user-agent": "Mozilla/5.0 (Windows NT 10.0; Win64; x64) AppleWebKit/537.36 (KHTML, like Gecko) Chrome/119.0.0.0 Safari/537.36",
          "sec-fetch-dest": "script"
        },
        "path_info": "/swagger-ui/swagger-initializer.js",
        "protocol": "HTTP/1.1",
        "request_method": "GET"
      },
      "id": 1,
      "thread_id": 188
    },
    {
      "elapsed": 0.0357559,
      "event": "return",
      "http_server_response": {
        "headers": {
          "Accept-Ranges": "bytes",
          "Keep-Alive": "timeout=60",
          "Cache-Control": "no-store",
          "Connection": "keep-alive",
          "Vary": "Origin",
          "Last-Modified": "Mon, 14 Nov 2022 15:54:36 GMT",
          "Content-Length": "615",
          "Date": "Mon, 04 Dec 2023 08:21:38 GMT",
          "Content-Type": "text/javascript"
        },
        "status": 200
      },
      "id": 2,
      "parent_id": 1,
      "thread_id": 188
    },
    {
      "event": "call",
      "http_server_request": {
        "headers": {
          "sec-fetch-mode": "cors",
          "referer": "http://localhost:9092/swagger-ui/index.html",
          "sec-fetch-site": "same-origin",
          "accept-language": "en-US,en;q=0.9",
          "dnt": "1",
          "accept": "*/*",
          "sec-ch-ua": "\"Google Chrome\";v=\"119\", \"Chromium\";v=\"119\", \"Not?A_Brand\";v=\"24\"",
          "sec-ch-ua-mobile": "?0",
          "sec-ch-ua-platform": "\"Windows\"",
          "host": "localhost:9092",
          "connection": "keep-alive",
          "accept-encoding": "gzip, deflate, br",
          "user-agent": "Mozilla/5.0 (Windows NT 10.0; Win64; x64) AppleWebKit/537.36 (KHTML, like Gecko) Chrome/119.0.0.0 Safari/537.36",
          "sec-fetch-dest": "empty"
        },
        "normalized_path_info": "/v3/api-docs/swagger-config",
        "path_info": "/v3/api-docs/swagger-config",
        "protocol": "HTTP/1.1",
        "request_method": "GET"
      },
      "id": 3,
      "thread_id": 188
    },
    {
      "elapsed": 0.00814592,
      "event": "return",
      "http_server_response": {
        "headers": {
          "Transfer-Encoding": "chunked",
          "Keep-Alive": "timeout=60",
          "Connection": "keep-alive",
          "Date": "Mon, 04 Dec 2023 08:21:38 GMT",
          "Content-Type": "application/json"
        },
        "status": 200
      },
      "id": 4,
      "parent_id": 3,
      "thread_id": 188
    },
    {
      "event": "call",
      "http_server_request": {
        "headers": {
          "sec-fetch-mode": "cors",
          "referer": "http://localhost:9092/swagger-ui/index.html",
          "sec-fetch-site": "same-origin",
          "accept-language": "en-US,en;q=0.9",
          "dnt": "1",
          "accept": "application/json,*/*",
          "sec-ch-ua": "\"Google Chrome\";v=\"119\", \"Chromium\";v=\"119\", \"Not?A_Brand\";v=\"24\"",
          "sec-ch-ua-mobile": "?0",
          "sec-ch-ua-platform": "\"Windows\"",
          "host": "localhost:9092",
          "connection": "keep-alive",
          "accept-encoding": "gzip, deflate, br",
          "user-agent": "Mozilla/5.0 (Windows NT 10.0; Win64; x64) AppleWebKit/537.36 (KHTML, like Gecko) Chrome/119.0.0.0 Safari/537.36",
          "sec-fetch-dest": "empty"
        },
        "normalized_path_info": "/v3/api-docs",
        "path_info": "/v3/api-docs",
        "protocol": "HTTP/1.1",
        "request_method": "GET"
      },
      "id": 5,
      "thread_id": 189
    },
    {
      "elapsed": 0.18020649,
      "event": "return",
      "http_server_response": {
        "headers": {
          "Keep-Alive": "timeout=60",
          "Connection": "keep-alive",
          "Content-Length": "2318",
          "Date": "Mon, 04 Dec 2023 08:21:41 GMT",
          "Content-Type": "application/json"
        },
        "status": 200
      },
      "id": 6,
      "parent_id": 5,
      "thread_id": 189
    },
    {
      "event": "call",
      "http_server_request": {
        "headers": {
          "sec-fetch-mode": "cors",
          "content-length": "281",
          "referer": "http://localhost:9092/swagger-ui/index.html",
          "sec-fetch-site": "same-origin",
          "accept-language": "en-US,en;q=0.9",
          "origin": "http://localhost:9092",
          "dnt": "1",
          "accept": "*/*",
          "sec-ch-ua": "\"Google Chrome\";v=\"119\", \"Chromium\";v=\"119\", \"Not?A_Brand\";v=\"24\"",
          "sec-ch-ua-mobile": "?0",
          "sec-ch-ua-platform": "\"Windows\"",
          "host": "localhost:9092",
          "connection": "keep-alive",
          "content-type": "application/json",
          "accept-encoding": "gzip, deflate, br",
          "user-agent": "Mozilla/5.0 (Windows NT 10.0; Win64; x64) AppleWebKit/537.36 (KHTML, like Gecko) Chrome/119.0.0.0 Safari/537.36",
          "sec-fetch-dest": "empty"
        },
        "normalized_path_info": "/sharathcars/signup",
        "path_info": "/sharathcars/signup",
        "protocol": "HTTP/1.1",
        "request_method": "POST"
      },
      "id": 7,
      "thread_id": 192
    },
    {
      "defined_class": "com.Centum1.Sharathcars.dto.SharathcarRequest",
      "event": "call",
      "id": 8,
      "lineno": 54,
      "method_id": "setCarcode",
      "parameters": [
        {
          "class": "java.lang.String",
          "kind": "req",
          "name": "carcode",
          "object_id": 1566283990,
          "value": "string11"
        }
      ],
      "path": "com/Centum1/Sharathcars/dto/SharathcarRequest.java",
      "receiver": {
        "class": "com.Centum1.Sharathcars.dto.SharathcarRequest",
        "object_id": 1793371455,
        "value": "com.Centum1.Sharathcars.dto.SharathcarRequest@6ae4ad3f"
      },
      "static": false,
      "thread_id": 192
    },
    {
      "elapsed": 0.00020142,
      "event": "return",
      "id": 9,
      "parent_id": 8,
      "thread_id": 192
    },
    {
      "defined_class": "com.Centum1.Sharathcars.dto.SharathcarRequest",
      "event": "call",
      "id": 10,
      "lineno": 62,
      "method_id": "setCarname",
      "parameters": [
        {
          "class": "java.lang.String",
          "kind": "req",
          "name": "carname",
          "object_id": 2114771545,
          "value": "string11"
        }
      ],
      "path": "com/Centum1/Sharathcars/dto/SharathcarRequest.java",
      "receiver": {
        "class": "com.Centum1.Sharathcars.dto.SharathcarRequest",
        "object_id": 1793371455,
        "value": "com.Centum1.Sharathcars.dto.SharathcarRequest@6ae4ad3f"
      },
      "static": false,
      "thread_id": 192
    },
    {
      "elapsed": 0,
      "event": "return",
      "id": 11,
      "parent_id": 10,
      "thread_id": 192
    },
    {
      "defined_class": "com.Centum1.Sharathcars.dto.SharathcarRequest",
      "event": "call",
      "id": 12,
      "lineno": 70,
      "method_id": "setCarmodel",
      "parameters": [
        {
          "class": "java.lang.String",
          "kind": "req",
          "name": "carmodel",
          "object_id": 734731399,
          "value": "string11"
        }
      ],
      "path": "com/Centum1/Sharathcars/dto/SharathcarRequest.java",
      "receiver": {
        "class": "com.Centum1.Sharathcars.dto.SharathcarRequest",
        "object_id": 1793371455,
        "value": "com.Centum1.Sharathcars.dto.SharathcarRequest@6ae4ad3f"
      },
      "static": false,
      "thread_id": 192
    },
    {
      "elapsed": 0,
      "event": "return",
      "id": 13,
      "parent_id": 12,
      "thread_id": 192
    },
    {
      "defined_class": "com.Centum1.Sharathcars.dto.SharathcarRequest",
      "event": "call",
      "id": 14,
      "lineno": 78,
      "method_id": "setCaryear",
      "parameters": [
        {
          "class": "java.lang.String",
          "kind": "req",
          "name": "caryear",
          "object_id": 1383676905,
          "value": "string11"
        }
      ],
      "path": "com/Centum1/Sharathcars/dto/SharathcarRequest.java",
      "receiver": {
        "class": "com.Centum1.Sharathcars.dto.SharathcarRequest",
        "object_id": 1793371455,
        "value": "com.Centum1.Sharathcars.dto.SharathcarRequest@6ae4ad3f"
      },
      "static": false,
      "thread_id": 192
    },
    {
      "elapsed": 0,
      "event": "return",
      "id": 15,
      "parent_id": 14,
      "thread_id": 192
    },
    {
      "defined_class": "com.Centum1.Sharathcars.dto.SharathcarRequest",
      "event": "call",
      "id": 16,
      "lineno": 86,
      "method_id": "setCarcolour",
      "parameters": [
        {
          "class": "java.lang.String",
          "kind": "req",
          "name": "carcolour",
          "object_id": 1282289974,
          "value": "string11"
        }
      ],
      "path": "com/Centum1/Sharathcars/dto/SharathcarRequest.java",
      "receiver": {
        "class": "com.Centum1.Sharathcars.dto.SharathcarRequest",
        "object_id": 1793371455,
        "value": "com.Centum1.Sharathcars.dto.SharathcarRequest@6ae4ad3f"
      },
      "static": false,
      "thread_id": 192
    },
    {
      "elapsed": 0,
      "event": "return",
      "id": 17,
      "parent_id": 16,
      "thread_id": 192
    },
    {
      "defined_class": "com.Centum1.Sharathcars.dto.SharathcarRequest",
      "event": "call",
      "id": 18,
      "lineno": 94,
      "method_id": "setCarvin",
      "parameters": [
        {
          "class": "java.lang.String",
          "kind": "req",
          "name": "carvin",
          "object_id": 1411970288,
          "value": "string11"
        }
      ],
      "path": "com/Centum1/Sharathcars/dto/SharathcarRequest.java",
      "receiver": {
        "class": "com.Centum1.Sharathcars.dto.SharathcarRequest",
        "object_id": 1793371455,
        "value": "com.Centum1.Sharathcars.dto.SharathcarRequest@6ae4ad3f"
      },
      "static": false,
      "thread_id": 192
    },
    {
      "elapsed": 0,
      "event": "return",
      "id": 19,
      "parent_id": 18,
      "thread_id": 192
    },
    {
      "defined_class": "com.Centum1.Sharathcars.dto.SharathcarRequest",
      "event": "call",
      "id": 20,
      "lineno": 102,
      "method_id": "setCarowner",
      "parameters": [
        {
          "class": "java.lang.String",
          "kind": "req",
          "name": "carowner",
          "object_id": 670361046,
          "value": "string11"
        }
      ],
      "path": "com/Centum1/Sharathcars/dto/SharathcarRequest.java",
      "receiver": {
        "class": "com.Centum1.Sharathcars.dto.SharathcarRequest",
        "object_id": 1793371455,
        "value": "com.Centum1.Sharathcars.dto.SharathcarRequest@6ae4ad3f"
      },
      "static": false,
      "thread_id": 192
    },
    {
      "elapsed": 0.00035125,
      "event": "return",
      "id": 21,
      "parent_id": 20,
      "thread_id": 192
    },
    {
      "defined_class": "com.Centum1.Sharathcars.dto.SharathcarRequest",
      "event": "call",
      "id": 22,
      "lineno": 110,
      "method_id": "setState",
      "parameters": [
        {
          "class": "java.lang.String",
          "kind": "req",
          "name": "state",
          "object_id": 1011430578,
          "value": "string11"
        }
      ],
      "path": "com/Centum1/Sharathcars/dto/SharathcarRequest.java",
      "receiver": {
        "class": "com.Centum1.Sharathcars.dto.SharathcarRequest",
        "object_id": 1793371455,
        "value": "com.Centum1.Sharathcars.dto.SharathcarRequest@6ae4ad3f"
      },
      "static": false,
      "thread_id": 192
    },
    {
      "elapsed": 0,
      "event": "return",
      "id": 23,
      "parent_id": 22,
      "thread_id": 192
    },
    {
      "defined_class": "com.Centum1.Sharathcars.dto.SharathcarRequest",
      "event": "call",
      "id": 24,
      "lineno": 118,
      "method_id": "setMobilenumber",
      "parameters": [
        {
          "class": "java.lang.String",
          "kind": "req",
          "name": "mobilenumber",
          "object_id": 26432908,
          "value": "7646789712"
        }
      ],
      "path": "com/Centum1/Sharathcars/dto/SharathcarRequest.java",
      "receiver": {
        "class": "com.Centum1.Sharathcars.dto.SharathcarRequest",
        "object_id": 1793371455,
        "value": "com.Centum1.Sharathcars.dto.SharathcarRequest@6ae4ad3f"
      },
      "static": false,
      "thread_id": 192
    },
    {
      "elapsed": 0,
      "event": "return",
      "id": 25,
      "parent_id": 24,
      "thread_id": 192
    },
    {
      "defined_class": "com.Centum1.Sharathcars.dto.SharathcarRequest",
      "event": "call",
      "id": 26,
      "lineno": 126,
      "method_id": "setPrice",
      "parameters": [
        {
          "class": "java.lang.String",
          "kind": "req",
          "name": "price",
          "object_id": 311406138,
          "value": "100000"
        }
      ],
      "path": "com/Centum1/Sharathcars/dto/SharathcarRequest.java",
      "receiver": {
        "class": "com.Centum1.Sharathcars.dto.SharathcarRequest",
        "object_id": 1793371455,
        "value": "com.Centum1.Sharathcars.dto.SharathcarRequest@6ae4ad3f"
      },
      "static": false,
      "thread_id": 192
    },
    {
      "elapsed": 0,
      "event": "return",
      "id": 27,
      "parent_id": 26,
      "thread_id": 192
    },
    {
      "defined_class": "com.Centum1.Sharathcars.dto.SharathcarRequest",
      "event": "call",
      "id": 28,
      "lineno": 134,
      "method_id": "setDetails",
      "parameters": [
        {
          "class": "java.lang.String",
          "kind": "req",
          "name": "details",
          "object_id": 315962344,
          "value": "string11"
        }
      ],
      "path": "com/Centum1/Sharathcars/dto/SharathcarRequest.java",
      "receiver": {
        "class": "com.Centum1.Sharathcars.dto.SharathcarRequest",
        "object_id": 1793371455,
        "value": "com.Centum1.Sharathcars.dto.SharathcarRequest@6ae4ad3f"
      },
      "static": false,
      "thread_id": 192
    },
    {
      "elapsed": 0,
      "event": "return",
      "id": 29,
      "parent_id": 28,
      "thread_id": 192
    },
    {
      "defined_class": "com.Centum1.Sharathcars.controller.SharathcarController",
      "event": "call",
      "id": 30,
      "lineno": 24,
      "method_id": "saveUsers",
      "parameters": [
        {
          "class": "com.Centum1.Sharathcars.dto.SharathcarRequest",
          "kind": "req",
          "name": "request",
          "object_id": 1793371455,
          "value": "com.Centum1.Sharathcars.dto.SharathcarRequest@6ae4ad3f"
        }
      ],
      "path": "com/Centum1/Sharathcars/controller/SharathcarController.java",
      "receiver": {
        "class": "com.Centum1.Sharathcars.controller.SharathcarController",
        "object_id": 1048033334,
        "value": "com.Centum1.Sharathcars.controller.SharathcarController@3e77b836"
      },
      "static": false,
      "thread_id": 192
    },
    {
      "defined_class": "com.Centum1.Sharathcars.service.SharathcarService",
      "event": "call",
      "id": 31,
      "lineno": 18,
      "method_id": "saveUsers",
      "parameters": [
        {
          "class": "com.Centum1.Sharathcars.dto.SharathcarRequest",
          "kind": "req",
          "name": "request",
          "object_id": 1793371455,
          "value": "com.Centum1.Sharathcars.dto.SharathcarRequest@6ae4ad3f"
        }
      ],
      "path": "com/Centum1/Sharathcars/service/SharathcarService.java",
      "receiver": {
        "class": "com.Centum1.Sharathcars.service.SharathcarService",
        "object_id": 421768790,
        "value": "com.Centum1.Sharathcars.service.SharathcarService@1923ae56"
      },
      "static": false,
      "thread_id": 192
    },
    {
      "defined_class": "com.Centum1.Sharathcars.entity.Sharathcar",
      "event": "call",
      "id": 32,
      "lineno": 53,
      "method_id": "setId",
      "parameters": [
        {
          "class": "java.lang.Integer",
          "kind": "req",
          "name": "id",
          "object_id": 1813214510,
          "value": "0"
        }
      ],
      "path": "com/Centum1/Sharathcars/entity/Sharathcar.java",
      "receiver": {
        "class": "com.Centum1.Sharathcars.entity.Sharathcar",
        "object_id": 913680335,
        "value": "com.Centum1.Sharathcars.entity.Sharathcar@3675a7cf"
      },
      "static": false,
      "thread_id": 192
    },
    {
      "elapsed": 0.0024352,
      "event": "return",
      "id": 33,
      "parent_id": 32,
      "thread_id": 192
    },
    {
      "defined_class": "com.Centum1.Sharathcars.entity.Sharathcar",
      "event": "call",
      "id": 34,
      "lineno": 61,
      "method_id": "setCarcode",
      "parameters": [
        {
          "class": "java.lang.String",
          "kind": "req",
          "name": "carcode",
          "object_id": 1566283990,
          "value": "string11"
        }
      ],
      "path": "com/Centum1/Sharathcars/entity/Sharathcar.java",
      "receiver": {
        "class": "com.Centum1.Sharathcars.entity.Sharathcar",
        "object_id": 913680335,
        "value": "com.Centum1.Sharathcars.entity.Sharathcar@3675a7cf"
      },
      "static": false,
      "thread_id": 192
    },
    {
      "elapsed": 0,
      "event": "return",
      "id": 35,
      "parent_id": 34,
      "thread_id": 192
    },
    {
      "defined_class": "com.Centum1.Sharathcars.entity.Sharathcar",
      "event": "call",
      "id": 36,
      "lineno": 69,
      "method_id": "setCarname",
      "parameters": [
        {
          "class": "java.lang.String",
          "kind": "req",
          "name": "carname",
          "object_id": 2114771545,
          "value": "string11"
        }
      ],
      "path": "com/Centum1/Sharathcars/entity/Sharathcar.java",
      "receiver": {
        "class": "com.Centum1.Sharathcars.entity.Sharathcar",
        "object_id": 913680335,
        "value": "com.Centum1.Sharathcars.entity.Sharathcar@3675a7cf"
      },
      "static": false,
      "thread_id": 192
    },
    {
      "elapsed": 0,
      "event": "return",
      "id": 37,
      "parent_id": 36,
      "thread_id": 192
    },
    {
      "defined_class": "com.Centum1.Sharathcars.entity.Sharathcar",
      "event": "call",
      "id": 38,
      "lineno": 77,
      "method_id": "setCarmodel",
      "parameters": [
        {
          "class": "java.lang.String",
          "kind": "req",
          "name": "carmodel",
          "object_id": 734731399,
          "value": "string11"
        }
      ],
      "path": "com/Centum1/Sharathcars/entity/Sharathcar.java",
      "receiver": {
        "class": "com.Centum1.Sharathcars.entity.Sharathcar",
        "object_id": 913680335,
        "value": "com.Centum1.Sharathcars.entity.Sharathcar@3675a7cf"
      },
      "static": false,
      "thread_id": 192
    },
    {
      "elapsed": 0,
      "event": "return",
      "id": 39,
      "parent_id": 38,
      "thread_id": 192
    },
    {
      "defined_class": "com.Centum1.Sharathcars.entity.Sharathcar",
      "event": "call",
      "id": 40,
      "lineno": 85,
      "method_id": "setCaryear",
      "parameters": [
        {
          "class": "java.lang.String",
          "kind": "req",
          "name": "caryear",
          "object_id": 1383676905,
          "value": "string11"
        }
      ],
      "path": "com/Centum1/Sharathcars/entity/Sharathcar.java",
      "receiver": {
        "class": "com.Centum1.Sharathcars.entity.Sharathcar",
        "object_id": 913680335,
        "value": "com.Centum1.Sharathcars.entity.Sharathcar@3675a7cf"
      },
      "static": false,
      "thread_id": 192
    },
    {
      "elapsed": 0,
      "event": "return",
      "id": 41,
      "parent_id": 40,
      "thread_id": 192
    },
    {
      "defined_class": "com.Centum1.Sharathcars.entity.Sharathcar",
      "event": "call",
      "id": 42,
      "lineno": 93,
      "method_id": "setCarcolour",
      "parameters": [
        {
          "class": "java.lang.String",
          "kind": "req",
          "name": "carcolour",
          "object_id": 1282289974,
          "value": "string11"
        }
      ],
      "path": "com/Centum1/Sharathcars/entity/Sharathcar.java",
      "receiver": {
        "class": "com.Centum1.Sharathcars.entity.Sharathcar",
        "object_id": 913680335,
        "value": "com.Centum1.Sharathcars.entity.Sharathcar@3675a7cf"
      },
      "static": false,
      "thread_id": 192
    },
    {
      "elapsed": 0,
      "event": "return",
      "id": 43,
      "parent_id": 42,
      "thread_id": 192
    },
    {
      "defined_class": "com.Centum1.Sharathcars.entity.Sharathcar",
      "event": "call",
      "id": 44,
      "lineno": 101,
      "method_id": "setCarvin",
      "parameters": [
        {
          "class": "java.lang.String",
          "kind": "req",
          "name": "carvin",
          "object_id": 1411970288,
          "value": "string11"
        }
      ],
      "path": "com/Centum1/Sharathcars/entity/Sharathcar.java",
      "receiver": {
        "class": "com.Centum1.Sharathcars.entity.Sharathcar",
        "object_id": 913680335,
        "value": "com.Centum1.Sharathcars.entity.Sharathcar@3675a7cf"
      },
      "static": false,
      "thread_id": 192
    },
    {
      "elapsed": 0,
      "event": "return",
      "id": 45,
      "parent_id": 44,
      "thread_id": 192
    },
    {
      "defined_class": "com.Centum1.Sharathcars.entity.Sharathcar",
      "event": "call",
      "id": 46,
      "lineno": 109,
      "method_id": "setCarowner",
      "parameters": [
        {
          "class": "java.lang.String",
          "kind": "req",
          "name": "carowner",
          "object_id": 670361046,
          "value": "string11"
        }
      ],
      "path": "com/Centum1/Sharathcars/entity/Sharathcar.java",
      "receiver": {
        "class": "com.Centum1.Sharathcars.entity.Sharathcar",
        "object_id": 913680335,
        "value": "com.Centum1.Sharathcars.entity.Sharathcar@3675a7cf"
      },
      "static": false,
      "thread_id": 192
    },
    {
      "elapsed": 0,
      "event": "return",
      "id": 47,
      "parent_id": 46,
      "thread_id": 192
    },
    {
      "defined_class": "com.Centum1.Sharathcars.entity.Sharathcar",
      "event": "call",
      "id": 48,
      "lineno": 117,
      "method_id": "setState",
      "parameters": [
        {
          "class": "java.lang.String",
          "kind": "req",
          "name": "state",
          "object_id": 1011430578,
          "value": "string11"
        }
      ],
      "path": "com/Centum1/Sharathcars/entity/Sharathcar.java",
      "receiver": {
        "class": "com.Centum1.Sharathcars.entity.Sharathcar",
        "object_id": 913680335,
        "value": "com.Centum1.Sharathcars.entity.Sharathcar@3675a7cf"
      },
      "static": false,
      "thread_id": 192
    },
    {
      "elapsed": 0,
      "event": "return",
      "id": 49,
      "parent_id": 48,
      "thread_id": 192
    },
    {
      "defined_class": "com.Centum1.Sharathcars.entity.Sharathcar",
      "event": "call",
      "id": 50,
      "lineno": 125,
      "method_id": "setMobilenumber",
      "parameters": [
        {
          "class": "java.lang.String",
          "kind": "req",
          "name": "mobilenumber",
          "object_id": 26432908,
          "value": "7646789712"
        }
      ],
      "path": "com/Centum1/Sharathcars/entity/Sharathcar.java",
      "receiver": {
        "class": "com.Centum1.Sharathcars.entity.Sharathcar",
        "object_id": 913680335,
        "value": "com.Centum1.Sharathcars.entity.Sharathcar@3675a7cf"
      },
      "static": false,
      "thread_id": 192
    },
    {
      "elapsed": 0,
      "event": "return",
      "id": 51,
      "parent_id": 50,
      "thread_id": 192
    },
    {
      "defined_class": "com.Centum1.Sharathcars.entity.Sharathcar",
      "event": "call",
      "id": 52,
      "lineno": 133,
      "method_id": "setPrice",
      "parameters": [
        {
          "class": "java.lang.String",
          "kind": "req",
          "name": "price",
          "object_id": 311406138,
          "value": "100000"
        }
      ],
      "path": "com/Centum1/Sharathcars/entity/Sharathcar.java",
      "receiver": {
        "class": "com.Centum1.Sharathcars.entity.Sharathcar",
        "object_id": 913680335,
        "value": "com.Centum1.Sharathcars.entity.Sharathcar@3675a7cf"
      },
      "static": false,
      "thread_id": 192
    },
    {
      "elapsed": 0,
      "event": "return",
      "id": 53,
      "parent_id": 52,
      "thread_id": 192
    },
    {
      "defined_class": "com.Centum1.Sharathcars.entity.Sharathcar",
      "event": "call",
      "id": 54,
      "lineno": 141,
      "method_id": "setDetails",
      "parameters": [
        {
          "class": "java.lang.String",
          "kind": "req",
          "name": "details",
          "object_id": 315962344,
          "value": "string11"
        }
      ],
      "path": "com/Centum1/Sharathcars/entity/Sharathcar.java",
      "receiver": {
        "class": "com.Centum1.Sharathcars.entity.Sharathcar",
        "object_id": 913680335,
        "value": "com.Centum1.Sharathcars.entity.Sharathcar@3675a7cf"
      },
      "static": false,
      "thread_id": 192
    },
    {
      "elapsed": 0,
      "event": "return",
      "id": 55,
      "parent_id": 54,
      "thread_id": 192
    },
    {
      "event": "call",
      "id": 56,
      "sql_query": {
        "database_type": "H2",
        "sql": "select next value for resales_cars_list_seq"
      },
      "thread_id": 192
    },
    {
      "elapsed": 0.00080494,
      "event": "return",
      "id": 57,
      "parent_id": 56,
      "thread_id": 192
    },
    {
      "event": "call",
      "id": 58,
      "sql_query": {
        "database_type": "H2",
        "sql": "insert into resales_cars_list (carcode,carcolour,carmodel,carname,carowner,carvin,caryear,details,mobilenumber,price,state,id) values (?,?,?,?,?,?,?,?,?,?,?,?)"
      },
      "thread_id": 192
    },
    {
      "elapsed": 0.00027937,
      "event": "return",
      "id": 59,
      "parent_id": 58,
      "thread_id": 192
    },
    {
      "elapsed": 0.06556988,
      "event": "return",
      "id": 60,
      "parent_id": 31,
      "return_value": {
        "class": "com.Centum1.Sharathcars.entity.Sharathcar",
        "object_id": 913680335,
        "value": "com.Centum1.Sharathcars.entity.Sharathcar@3675a7cf"
      },
      "thread_id": 192
    },
    {
      "elapsed": 0.06615624,
      "event": "return",
      "id": 61,
      "parent_id": 30,
      "return_value": {
        "class": "org.springframework.http.ResponseEntity",
        "object_id": 1442445489,
        "value": "<201 CREATED Created,com.Centum1.Sharathcars.entity.Sharathcar@3675a7cf,[]>"
      },
      "thread_id": 192
    },
    {
      "elapsed": 0.10149835,
      "event": "return",
      "http_server_response": {
        "headers": {
          "Transfer-Encoding": "chunked",
          "Keep-Alive": "timeout=60",
          "Connection": "keep-alive",
          "Date": "Mon, 04 Dec 2023 08:22:08 GMT",
          "Content-Type": "application/json"
        },
        "status": 201
      },
      "id": 62,
      "parent_id": 7,
      "thread_id": 192
    },
    {
      "event": "call",
      "http_server_request": {
        "headers": {
          "sec-fetch-mode": "cors",
          "content-length": "290",
          "referer": "http://localhost:9092/swagger-ui/index.html",
          "sec-fetch-site": "same-origin",
          "accept-language": "en-US,en;q=0.9",
          "origin": "http://localhost:9092",
          "dnt": "1",
          "accept": "*/*",
          "sec-ch-ua": "\"Google Chrome\";v=\"119\", \"Chromium\";v=\"119\", \"Not?A_Brand\";v=\"24\"",
          "sec-ch-ua-mobile": "?0",
          "sec-ch-ua-platform": "\"Windows\"",
          "host": "localhost:9092",
          "connection": "keep-alive",
          "content-type": "application/json",
          "accept-encoding": "gzip, deflate, br",
          "user-agent": "Mozilla/5.0 (Windows NT 10.0; Win64; x64) AppleWebKit/537.36 (KHTML, like Gecko) Chrome/119.0.0.0 Safari/537.36",
          "sec-fetch-dest": "empty"
        },
        "normalized_path_info": "/sharathcars/signup",
        "path_info": "/sharathcars/signup",
        "protocol": "HTTP/1.1",
        "request_method": "POST"
      },
      "id": 63,
      "thread_id": 195
    },
    {
      "defined_class": "com.Centum1.Sharathcars.dto.SharathcarRequest",
      "event": "call",
      "id": 64,
      "lineno": 54,
      "method_id": "setCarcode",
      "parameters": [
        {
          "class": "java.lang.String",
          "kind": "req",
          "name": "carcode",
          "object_id": 1340740271,
          "value": "string333"
        }
      ],
      "path": "com/Centum1/Sharathcars/dto/SharathcarRequest.java",
      "receiver": {
        "class": "com.Centum1.Sharathcars.dto.SharathcarRequest",
        "object_id": 1272291210,
        "value": "com.Centum1.Sharathcars.dto.SharathcarRequest@4bd59f8a"
      },
      "static": false,
      "thread_id": 195
    },
    {
      "elapsed": 0,
      "event": "return",
      "id": 65,
      "parent_id": 64,
      "thread_id": 195
    },
    {
      "defined_class": "com.Centum1.Sharathcars.dto.SharathcarRequest",
      "event": "call",
      "id": 66,
      "lineno": 62,
      "method_id": "setCarname",
      "parameters": [
        {
          "class": "java.lang.String",
          "kind": "req",
          "name": "carname",
          "object_id": 248977556,
          "value": "string333"
        }
      ],
      "path": "com/Centum1/Sharathcars/dto/SharathcarRequest.java",
      "receiver": {
        "class": "com.Centum1.Sharathcars.dto.SharathcarRequest",
        "object_id": 1272291210,
        "value": "com.Centum1.Sharathcars.dto.SharathcarRequest@4bd59f8a"
      },
      "static": false,
      "thread_id": 195
    },
    {
      "elapsed": 0,
      "event": "return",
      "id": 67,
      "parent_id": 66,
      "thread_id": 195
    },
    {
      "defined_class": "com.Centum1.Sharathcars.dto.SharathcarRequest",
      "event": "call",
      "id": 68,
      "lineno": 70,
      "method_id": "setCarmodel",
      "parameters": [
        {
          "class": "java.lang.String",
          "kind": "req",
          "name": "carmodel",
          "object_id": 552843152,
          "value": "string333"
        }
      ],
      "path": "com/Centum1/Sharathcars/dto/SharathcarRequest.java",
      "receiver": {
        "class": "com.Centum1.Sharathcars.dto.SharathcarRequest",
        "object_id": 1272291210,
        "value": "com.Centum1.Sharathcars.dto.SharathcarRequest@4bd59f8a"
      },
      "static": false,
      "thread_id": 195
    },
    {
      "elapsed": 0,
      "event": "return",
      "id": 69,
      "parent_id": 68,
      "thread_id": 195
    },
    {
      "defined_class": "com.Centum1.Sharathcars.dto.SharathcarRequest",
      "event": "call",
      "id": 70,
      "lineno": 78,
      "method_id": "setCaryear",
      "parameters": [
        {
          "class": "java.lang.String",
          "kind": "req",
          "name": "caryear",
          "object_id": 1066645067,
          "value": "string333"
        }
      ],
      "path": "com/Centum1/Sharathcars/dto/SharathcarRequest.java",
      "receiver": {
        "class": "com.Centum1.Sharathcars.dto.SharathcarRequest",
        "object_id": 1272291210,
        "value": "com.Centum1.Sharathcars.dto.SharathcarRequest@4bd59f8a"
      },
      "static": false,
      "thread_id": 195
    },
    {
      "elapsed": 0,
      "event": "return",
      "id": 71,
      "parent_id": 70,
      "thread_id": 195
    },
    {
      "defined_class": "com.Centum1.Sharathcars.dto.SharathcarRequest",
      "event": "call",
      "id": 72,
      "lineno": 86,
      "method_id": "setCarcolour",
      "parameters": [
        {
          "class": "java.lang.String",
          "kind": "req",
          "name": "carcolour",
          "object_id": 1482508284,
          "value": "string333"
        }
      ],
      "path": "com/Centum1/Sharathcars/dto/SharathcarRequest.java",
      "receiver": {
        "class": "com.Centum1.Sharathcars.dto.SharathcarRequest",
        "object_id": 1272291210,
        "value": "com.Centum1.Sharathcars.dto.SharathcarRequest@4bd59f8a"
      },
      "static": false,
      "thread_id": 195
    },
    {
      "elapsed": 0,
      "event": "return",
      "id": 73,
      "parent_id": 72,
      "thread_id": 195
    },
    {
      "defined_class": "com.Centum1.Sharathcars.dto.SharathcarRequest",
      "event": "call",
      "id": 74,
      "lineno": 94,
      "method_id": "setCarvin",
      "parameters": [
        {
          "class": "java.lang.String",
          "kind": "req",
          "name": "carvin",
          "object_id": 1861806043,
          "value": "string333"
        }
      ],
      "path": "com/Centum1/Sharathcars/dto/SharathcarRequest.java",
      "receiver": {
        "class": "com.Centum1.Sharathcars.dto.SharathcarRequest",
        "object_id": 1272291210,
        "value": "com.Centum1.Sharathcars.dto.SharathcarRequest@4bd59f8a"
      },
      "static": false,
      "thread_id": 195
    },
    {
      "elapsed": 0,
      "event": "return",
      "id": 75,
      "parent_id": 74,
      "thread_id": 195
    },
    {
      "defined_class": "com.Centum1.Sharathcars.dto.SharathcarRequest",
      "event": "call",
      "id": 76,
      "lineno": 102,
      "method_id": "setCarowner",
      "parameters": [
        {
          "class": "java.lang.String",
          "kind": "req",
          "name": "carowner",
          "object_id": 1401586339,
          "value": "string333"
        }
      ],
      "path": "com/Centum1/Sharathcars/dto/SharathcarRequest.java",
      "receiver": {
        "class": "com.Centum1.Sharathcars.dto.SharathcarRequest",
        "object_id": 1272291210,
        "value": "com.Centum1.Sharathcars.dto.SharathcarRequest@4bd59f8a"
      },
      "static": false,
      "thread_id": 195
    },
    {
      "elapsed": 0,
      "event": "return",
      "id": 77,
      "parent_id": 76,
      "thread_id": 195
    },
    {
      "defined_class": "com.Centum1.Sharathcars.dto.SharathcarRequest",
      "event": "call",
      "id": 78,
      "lineno": 110,
      "method_id": "setState",
      "parameters": [
        {
          "class": "java.lang.String",
          "kind": "req",
          "name": "state",
          "object_id": 1904826231,
          "value": "string333"
        }
      ],
      "path": "com/Centum1/Sharathcars/dto/SharathcarRequest.java",
      "receiver": {
        "class": "com.Centum1.Sharathcars.dto.SharathcarRequest",
        "object_id": 1272291210,
        "value": "com.Centum1.Sharathcars.dto.SharathcarRequest@4bd59f8a"
      },
      "static": false,
      "thread_id": 195
    },
    {
      "elapsed": 0,
      "event": "return",
      "id": 79,
      "parent_id": 78,
      "thread_id": 195
    },
    {
      "defined_class": "com.Centum1.Sharathcars.dto.SharathcarRequest",
      "event": "call",
      "id": 80,
      "lineno": 118,
      "method_id": "setMobilenumber",
      "parameters": [
        {
          "class": "java.lang.String",
          "kind": "req",
          "name": "mobilenumber",
          "object_id": 1129942045,
          "value": "9555112112"
        }
      ],
      "path": "com/Centum1/Sharathcars/dto/SharathcarRequest.java",
      "receiver": {
        "class": "com.Centum1.Sharathcars.dto.SharathcarRequest",
        "object_id": 1272291210,
        "value": "com.Centum1.Sharathcars.dto.SharathcarRequest@4bd59f8a"
      },
      "static": false,
      "thread_id": 195
    },
    {
      "elapsed": 0,
      "event": "return",
      "id": 81,
      "parent_id": 80,
      "thread_id": 195
    },
    {
      "defined_class": "com.Centum1.Sharathcars.dto.SharathcarRequest",
      "event": "call",
      "id": 82,
      "lineno": 126,
      "method_id": "setPrice",
      "parameters": [
        {
          "class": "java.lang.String",
          "kind": "req",
          "name": "price",
          "object_id": 1790344594,
          "value": "100200"
        }
      ],
      "path": "com/Centum1/Sharathcars/dto/SharathcarRequest.java",
      "receiver": {
        "class": "com.Centum1.Sharathcars.dto.SharathcarRequest",
        "object_id": 1272291210,
        "value": "com.Centum1.Sharathcars.dto.SharathcarRequest@4bd59f8a"
      },
      "static": false,
      "thread_id": 195
    },
    {
      "elapsed": 0,
      "event": "return",
      "id": 83,
      "parent_id": 82,
      "thread_id": 195
    },
    {
      "defined_class": "com.Centum1.Sharathcars.dto.SharathcarRequest",
      "event": "call",
      "id": 84,
      "lineno": 134,
      "method_id": "setDetails",
      "parameters": [
        {
          "class": "java.lang.String",
          "kind": "req",
          "name": "details",
          "object_id": 1840150013,
          "value": "string333"
        }
      ],
      "path": "com/Centum1/Sharathcars/dto/SharathcarRequest.java",
      "receiver": {
        "class": "com.Centum1.Sharathcars.dto.SharathcarRequest",
        "object_id": 1272291210,
        "value": "com.Centum1.Sharathcars.dto.SharathcarRequest@4bd59f8a"
      },
      "static": false,
      "thread_id": 195
    },
    {
      "elapsed": 0,
      "event": "return",
      "id": 85,
      "parent_id": 84,
      "thread_id": 195
    },
    {
      "defined_class": "com.Centum1.Sharathcars.controller.SharathcarController",
      "event": "call",
      "id": 86,
      "lineno": 24,
      "method_id": "saveUsers",
      "parameters": [
        {
          "class": "com.Centum1.Sharathcars.dto.SharathcarRequest",
          "kind": "req",
          "name": "request",
          "object_id": 1272291210,
          "value": "com.Centum1.Sharathcars.dto.SharathcarRequest@4bd59f8a"
        }
      ],
      "path": "com/Centum1/Sharathcars/controller/SharathcarController.java",
      "receiver": {
        "class": "com.Centum1.Sharathcars.controller.SharathcarController",
        "object_id": 1048033334,
        "value": "com.Centum1.Sharathcars.controller.SharathcarController@3e77b836"
      },
      "static": false,
      "thread_id": 195
    },
    {
      "defined_class": "com.Centum1.Sharathcars.service.SharathcarService",
      "event": "call",
      "id": 87,
      "lineno": 18,
      "method_id": "saveUsers",
      "parameters": [
        {
          "class": "com.Centum1.Sharathcars.dto.SharathcarRequest",
          "kind": "req",
          "name": "request",
          "object_id": 1272291210,
          "value": "com.Centum1.Sharathcars.dto.SharathcarRequest@4bd59f8a"
        }
      ],
      "path": "com/Centum1/Sharathcars/service/SharathcarService.java",
      "receiver": {
        "class": "com.Centum1.Sharathcars.service.SharathcarService",
        "object_id": 421768790,
        "value": "com.Centum1.Sharathcars.service.SharathcarService@1923ae56"
      },
      "static": false,
      "thread_id": 195
    },
    {
      "defined_class": "com.Centum1.Sharathcars.entity.Sharathcar",
      "event": "call",
      "id": 88,
      "lineno": 53,
      "method_id": "setId",
      "parameters": [
        {
          "class": "java.lang.Integer",
          "kind": "req",
          "name": "id",
          "object_id": 1813214510,
          "value": "0"
        }
      ],
      "path": "com/Centum1/Sharathcars/entity/Sharathcar.java",
      "receiver": {
        "class": "com.Centum1.Sharathcars.entity.Sharathcar",
        "object_id": 1445443024,
        "value": "com.Centum1.Sharathcars.entity.Sharathcar@5627b5d0"
      },
      "static": false,
      "thread_id": 195
    },
    {
      "elapsed": 0,
      "event": "return",
      "id": 89,
      "parent_id": 88,
      "thread_id": 195
    },
    {
      "defined_class": "com.Centum1.Sharathcars.entity.Sharathcar",
      "event": "call",
      "id": 90,
      "lineno": 61,
      "method_id": "setCarcode",
      "parameters": [
        {
          "class": "java.lang.String",
          "kind": "req",
          "name": "carcode",
          "object_id": 1340740271,
          "value": "string333"
        }
      ],
      "path": "com/Centum1/Sharathcars/entity/Sharathcar.java",
      "receiver": {
        "class": "com.Centum1.Sharathcars.entity.Sharathcar",
        "object_id": 1445443024,
        "value": "com.Centum1.Sharathcars.entity.Sharathcar@5627b5d0"
      },
      "static": false,
      "thread_id": 195
    },
    {
      "elapsed": 0,
      "event": "return",
      "id": 91,
      "parent_id": 90,
      "thread_id": 195
    },
    {
      "defined_class": "com.Centum1.Sharathcars.entity.Sharathcar",
      "event": "call",
      "id": 92,
      "lineno": 69,
      "method_id": "setCarname",
      "parameters": [
        {
          "class": "java.lang.String",
          "kind": "req",
          "name": "carname",
          "object_id": 248977556,
          "value": "string333"
        }
      ],
      "path": "com/Centum1/Sharathcars/entity/Sharathcar.java",
      "receiver": {
        "class": "com.Centum1.Sharathcars.entity.Sharathcar",
        "object_id": 1445443024,
        "value": "com.Centum1.Sharathcars.entity.Sharathcar@5627b5d0"
      },
      "static": false,
      "thread_id": 195
    },
    {
      "elapsed": 0,
      "event": "return",
      "id": 93,
      "parent_id": 92,
      "thread_id": 195
    },
    {
      "defined_class": "com.Centum1.Sharathcars.entity.Sharathcar",
      "event": "call",
      "id": 94,
      "lineno": 77,
      "method_id": "setCarmodel",
      "parameters": [
        {
          "class": "java.lang.String",
          "kind": "req",
          "name": "carmodel",
          "object_id": 552843152,
          "value": "string333"
        }
      ],
      "path": "com/Centum1/Sharathcars/entity/Sharathcar.java",
      "receiver": {
        "class": "com.Centum1.Sharathcars.entity.Sharathcar",
        "object_id": 1445443024,
        "value": "com.Centum1.Sharathcars.entity.Sharathcar@5627b5d0"
      },
      "static": false,
      "thread_id": 195
    },
    {
      "elapsed": 0,
      "event": "return",
      "id": 95,
      "parent_id": 94,
      "thread_id": 195
    },
    {
      "defined_class": "com.Centum1.Sharathcars.entity.Sharathcar",
      "event": "call",
      "id": 96,
      "lineno": 85,
      "method_id": "setCaryear",
      "parameters": [
        {
          "class": "java.lang.String",
          "kind": "req",
          "name": "caryear",
          "object_id": 1066645067,
          "value": "string333"
        }
      ],
      "path": "com/Centum1/Sharathcars/entity/Sharathcar.java",
      "receiver": {
        "class": "com.Centum1.Sharathcars.entity.Sharathcar",
        "object_id": 1445443024,
        "value": "com.Centum1.Sharathcars.entity.Sharathcar@5627b5d0"
      },
      "static": false,
      "thread_id": 195
    },
    {
      "elapsed": 0,
      "event": "return",
      "id": 97,
      "parent_id": 96,
      "thread_id": 195
    },
    {
      "defined_class": "com.Centum1.Sharathcars.entity.Sharathcar",
      "event": "call",
      "id": 98,
      "lineno": 93,
      "method_id": "setCarcolour",
      "parameters": [
        {
          "class": "java.lang.String",
          "kind": "req",
          "name": "carcolour",
          "object_id": 1482508284,
          "value": "string333"
        }
      ],
      "path": "com/Centum1/Sharathcars/entity/Sharathcar.java",
      "receiver": {
        "class": "com.Centum1.Sharathcars.entity.Sharathcar",
        "object_id": 1445443024,
        "value": "com.Centum1.Sharathcars.entity.Sharathcar@5627b5d0"
      },
      "static": false,
      "thread_id": 195
    },
    {
      "elapsed": 0,
      "event": "return",
      "id": 99,
      "parent_id": 98,
      "thread_id": 195
    },
    {
      "defined_class": "com.Centum1.Sharathcars.entity.Sharathcar",
      "event": "call",
      "id": 100,
      "lineno": 101,
      "method_id": "setCarvin",
      "parameters": [
        {
          "class": "java.lang.String",
          "kind": "req",
          "name": "carvin",
          "object_id": 1861806043,
          "value": "string333"
        }
      ],
      "path": "com/Centum1/Sharathcars/entity/Sharathcar.java",
      "receiver": {
        "class": "com.Centum1.Sharathcars.entity.Sharathcar",
        "object_id": 1445443024,
        "value": "com.Centum1.Sharathcars.entity.Sharathcar@5627b5d0"
      },
      "static": false,
      "thread_id": 195
    },
    {
      "elapsed": 0,
      "event": "return",
      "id": 101,
      "parent_id": 100,
      "thread_id": 195
    },
    {
      "defined_class": "com.Centum1.Sharathcars.entity.Sharathcar",
      "event": "call",
      "id": 102,
      "lineno": 109,
      "method_id": "setCarowner",
      "parameters": [
        {
          "class": "java.lang.String",
          "kind": "req",
          "name": "carowner",
          "object_id": 1401586339,
          "value": "string333"
        }
      ],
      "path": "com/Centum1/Sharathcars/entity/Sharathcar.java",
      "receiver": {
        "class": "com.Centum1.Sharathcars.entity.Sharathcar",
        "object_id": 1445443024,
        "value": "com.Centum1.Sharathcars.entity.Sharathcar@5627b5d0"
      },
      "static": false,
      "thread_id": 195
    },
    {
      "elapsed": 0,
      "event": "return",
      "id": 103,
      "parent_id": 102,
      "thread_id": 195
    },
    {
      "defined_class": "com.Centum1.Sharathcars.entity.Sharathcar",
      "event": "call",
      "id": 104,
      "lineno": 117,
      "method_id": "setState",
      "parameters": [
        {
          "class": "java.lang.String",
          "kind": "req",
          "name": "state",
          "object_id": 1904826231,
          "value": "string333"
        }
      ],
      "path": "com/Centum1/Sharathcars/entity/Sharathcar.java",
      "receiver": {
        "class": "com.Centum1.Sharathcars.entity.Sharathcar",
        "object_id": 1445443024,
        "value": "com.Centum1.Sharathcars.entity.Sharathcar@5627b5d0"
      },
      "static": false,
      "thread_id": 195
    },
    {
      "elapsed": 0,
      "event": "return",
      "id": 105,
      "parent_id": 104,
      "thread_id": 195
    },
    {
      "defined_class": "com.Centum1.Sharathcars.entity.Sharathcar",
      "event": "call",
      "id": 106,
      "lineno": 125,
      "method_id": "setMobilenumber",
      "parameters": [
        {
          "class": "java.lang.String",
          "kind": "req",
          "name": "mobilenumber",
          "object_id": 1129942045,
          "value": "9555112112"
        }
      ],
      "path": "com/Centum1/Sharathcars/entity/Sharathcar.java",
      "receiver": {
        "class": "com.Centum1.Sharathcars.entity.Sharathcar",
        "object_id": 1445443024,
        "value": "com.Centum1.Sharathcars.entity.Sharathcar@5627b5d0"
      },
      "static": false,
      "thread_id": 195
    },
    {
      "elapsed": 0,
      "event": "return",
      "id": 107,
      "parent_id": 106,
      "thread_id": 195
    },
    {
      "defined_class": "com.Centum1.Sharathcars.entity.Sharathcar",
      "event": "call",
      "id": 108,
      "lineno": 133,
      "method_id": "setPrice",
      "parameters": [
        {
          "class": "java.lang.String",
          "kind": "req",
          "name": "price",
          "object_id": 1790344594,
          "value": "100200"
        }
      ],
      "path": "com/Centum1/Sharathcars/entity/Sharathcar.java",
      "receiver": {
        "class": "com.Centum1.Sharathcars.entity.Sharathcar",
        "object_id": 1445443024,
        "value": "com.Centum1.Sharathcars.entity.Sharathcar@5627b5d0"
      },
      "static": false,
      "thread_id": 195
    },
    {
      "elapsed": 0,
      "event": "return",
      "id": 109,
      "parent_id": 108,
      "thread_id": 195
    },
    {
      "defined_class": "com.Centum1.Sharathcars.entity.Sharathcar",
      "event": "call",
      "id": 110,
      "lineno": 141,
      "method_id": "setDetails",
      "parameters": [
        {
          "class": "java.lang.String",
          "kind": "req",
          "name": "details",
          "object_id": 1840150013,
          "value": "string333"
        }
      ],
      "path": "com/Centum1/Sharathcars/entity/Sharathcar.java",
      "receiver": {
        "class": "com.Centum1.Sharathcars.entity.Sharathcar",
        "object_id": 1445443024,
        "value": "com.Centum1.Sharathcars.entity.Sharathcar@5627b5d0"
      },
      "static": false,
      "thread_id": 195
    },
    {
      "elapsed": 0,
      "event": "return",
      "id": 111,
      "parent_id": 110,
      "thread_id": 195
    },
    {
      "event": "call",
      "id": 112,
      "sql_query": {
        "database_type": "H2",
        "sql": "select next value for resales_cars_list_seq"
      },
      "thread_id": 195
    },
    {
      "elapsed": 0,
      "event": "return",
      "id": 113,
      "parent_id": 112,
      "thread_id": 195
    },
    {
      "event": "call",
      "id": 114,
      "sql_query": {
        "database_type": "H2",
        "sql": "insert into resales_cars_list (carcode,carcolour,carmodel,carname,carowner,carvin,caryear,details,mobilenumber,price,state,id) values (?,?,?,?,?,?,?,?,?,?,?,?)"
      },
      "thread_id": 195
    },
    {
      "elapsed": 0,
      "event": "return",
      "id": 115,
      "parent_id": 114,
      "thread_id": 195
    },
    {
      "elapsed": 0.0020304,
      "event": "return",
      "id": 116,
      "parent_id": 87,
      "return_value": {
        "class": "com.Centum1.Sharathcars.entity.Sharathcar",
        "object_id": 1445443024,
        "value": "com.Centum1.Sharathcars.entity.Sharathcar@5627b5d0"
      },
      "thread_id": 195
    },
    {
      "elapsed": 0.00253706,
      "event": "return",
      "id": 117,
      "parent_id": 86,
      "return_value": {
        "class": "org.springframework.http.ResponseEntity",
        "object_id": 926267457,
        "value": "<201 CREATED Created,com.Centum1.Sharathcars.entity.Sharathcar@5627b5d0,[]>"
      },
      "thread_id": 195
    },
    {
      "elapsed": 0.00459652,
      "event": "return",
      "http_server_response": {
        "headers": {
          "Transfer-Encoding": "chunked",
          "Keep-Alive": "timeout=60",
          "Connection": "keep-alive",
          "Date": "Mon, 04 Dec 2023 08:22:41 GMT",
          "Content-Type": "application/json"
        },
        "status": 201
      },
      "id": 118,
      "parent_id": 63,
      "thread_id": 195
    },
    {
      "event": "call",
      "http_server_request": {
        "headers": {
          "sec-fetch-mode": "cors",
          "referer": "http://localhost:9092/swagger-ui/index.html",
          "sec-fetch-site": "same-origin",
          "accept-language": "en-US,en;q=0.9",
          "dnt": "1",
          "accept": "*/*",
          "sec-ch-ua": "\"Google Chrome\";v=\"119\", \"Chromium\";v=\"119\", \"Not?A_Brand\";v=\"24\"",
          "sec-ch-ua-mobile": "?0",
          "sec-ch-ua-platform": "\"Windows\"",
          "host": "localhost:9092",
          "connection": "keep-alive",
          "accept-encoding": "gzip, deflate, br",
          "user-agent": "Mozilla/5.0 (Windows NT 10.0; Win64; x64) AppleWebKit/537.36 (KHTML, like Gecko) Chrome/119.0.0.0 Safari/537.36",
          "sec-fetch-dest": "empty"
        },
        "normalized_path_info": "/sharathcars/fetchall",
        "path_info": "/sharathcars/fetchall",
        "protocol": "HTTP/1.1",
        "request_method": "GET"
      },
      "id": 119,
      "thread_id": 187
    },
    {
      "defined_class": "com.Centum1.Sharathcars.controller.SharathcarController",
      "event": "call",
      "id": 120,
      "lineno": 29,
      "method_id": "getallcars",
      "path": "com/Centum1/Sharathcars/controller/SharathcarController.java",
      "receiver": {
        "class": "com.Centum1.Sharathcars.controller.SharathcarController",
        "object_id": 1048033334,
        "value": "com.Centum1.Sharathcars.controller.SharathcarController@3e77b836"
      },
      "static": false,
      "thread_id": 187
    },
    {
      "event": "call",
      "id": 121,
      "sql_query": {
        "database_type": "H2",
        "sql": "select s1_0.id,s1_0.carcode,s1_0.carcolour,s1_0.carmodel,s1_0.carname,s1_0.carowner,s1_0.carvin,s1_0.caryear,s1_0.details,s1_0.mobilenumber,s1_0.price,s1_0.state from resales_cars_list s1_0"
      },
      "thread_id": 187
    },
    {
      "elapsed": 0,
      "event": "return",
      "id": 122,
      "parent_id": 121,
      "thread_id": 187
    },
    {
      "elapsed": 0.05006115,
      "event": "return",
      "id": 123,
      "parent_id": 120,
      "return_value": {
        "class": "org.springframework.http.ResponseEntity",
        "object_id": 44368153,
        "value": "<200 OK OK,[com.Centum1.Sharathcars.entity.Sharathcar@7f2baf45, com.Centum1.Sharathcars.entity.Sharathcar@748b0826],[]>"
      },
      "thread_id": 187
    },
    {
      "elapsed": 0.05103142,
      "event": "return",
      "http_server_response": {
        "headers": {
          "Transfer-Encoding": "chunked",
          "Keep-Alive": "timeout=60",
          "Connection": "keep-alive",
          "Date": "Mon, 04 Dec 2023 08:22:50 GMT",
          "Content-Type": "application/json"
        },
        "status": 200
      },
      "id": 124,
      "parent_id": 119,
      "thread_id": 187
    },
    {
      "event": "call",
      "http_server_request": {
        "headers": {
          "sec-fetch-mode": "cors",
          "referer": "http://localhost:9092/swagger-ui/index.html",
          "sec-fetch-site": "same-origin",
          "accept-language": "en-US,en;q=0.9",
          "dnt": "1",
          "accept": "*/*",
          "sec-ch-ua": "\"Google Chrome\";v=\"119\", \"Chromium\";v=\"119\", \"Not?A_Brand\";v=\"24\"",
          "sec-ch-ua-mobile": "?0",
          "sec-ch-ua-platform": "\"Windows\"",
          "host": "localhost:9092",
          "connection": "keep-alive",
          "accept-encoding": "gzip, deflate, br",
          "user-agent": "Mozilla/5.0 (Windows NT 10.0; Win64; x64) AppleWebKit/537.36 (KHTML, like Gecko) Chrome/119.0.0.0 Safari/537.36",
          "sec-fetch-dest": "empty"
        },
        "normalized_path_info": "/sharathcars/{id}",
        "path_info": "/sharathcars/1",
        "protocol": "HTTP/1.1",
        "request_method": "GET"
      },
      "id": 125,
      "thread_id": 189
    },
    {
      "defined_class": "com.Centum1.Sharathcars.controller.SharathcarController",
      "event": "call",
      "id": 126,
      "lineno": 34,
      "method_id": "getcarbyID",
      "parameters": [
        {
          "class": "java.lang.Integer",
          "kind": "req",
          "name": "id",
          "object_id": 1430713383,
          "value": "1"
        }
      ],
      "path": "com/Centum1/Sharathcars/controller/SharathcarController.java",
      "receiver": {
        "class": "com.Centum1.Sharathcars.controller.SharathcarController",
        "object_id": 1048033334,
        "value": "com.Centum1.Sharathcars.controller.SharathcarController@3e77b836"
      },
      "static": false,
      "thread_id": 189
    },
    {
      "defined_class": "com.Centum1.Sharathcars.service.SharathcarService",
      "event": "call",
      "id": 127,
      "lineno": 40,
      "method_id": "getCar",
      "parameters": [
        {
          "class": "java.lang.Integer",
          "kind": "req",
          "name": "id",
          "object_id": 1430713383,
          "value": "1"
        }
      ],
      "path": "com/Centum1/Sharathcars/service/SharathcarService.java",
      "receiver": {
        "class": "com.Centum1.Sharathcars.service.SharathcarService",
        "object_id": 421768790,
        "value": "com.Centum1.Sharathcars.service.SharathcarService@1923ae56"
      },
      "static": false,
      "thread_id": 189
    },
    {
      "defined_class": "com.Centum1.Sharathcars.repository.SharathcarsRepo",
      "event": "call",
      "id": 128,
      "lineno": -1,
      "method_id": "findById",
      "parameters": [
        {
          "class": "java.lang.Integer",
          "kind": "req",
          "name": "p0",
          "object_id": 1430713383,
          "value": "1"
        }
      ],
      "path": "com/Centum1/Sharathcars/repository/SharathcarsRepo.java",
      "receiver": {
        "class": "jdk.proxy4.$Proxy132",
        "object_id": 1559310489,
        "value": "org.springframework.data.jpa.repository.support.SimpleJpaRepository@5167f59b"
      },
      "static": false,
      "thread_id": 189
    },
    {
      "event": "call",
      "id": 129,
      "sql_query": {
        "database_type": "H2",
        "sql": "select s1_0.id,s1_0.carcode,s1_0.carcolour,s1_0.carmodel,s1_0.carname,s1_0.carowner,s1_0.carvin,s1_0.caryear,s1_0.details,s1_0.mobilenumber,s1_0.price,s1_0.state from resales_cars_list s1_0 where s1_0.id=?"
      },
      "thread_id": 189
    },
    {
      "elapsed": 0,
      "event": "return",
      "id": 130,
      "parent_id": 129,
      "thread_id": 189
    },
    {
      "elapsed": 0.00381185,
      "event": "return",
      "id": 131,
      "parent_id": 128,
      "return_value": {
        "class": "com.Centum1.Sharathcars.entity.Sharathcar",
        "object_id": 365324426,
        "value": "com.Centum1.Sharathcars.entity.Sharathcar@15c6688a"
      },
      "thread_id": 189
    },
    {
      "elapsed": 0.00608144,
      "event": "return",
      "id": 132,
      "parent_id": 127,
      "return_value": {
        "class": "com.Centum1.Sharathcars.entity.Sharathcar",
        "object_id": 365324426,
        "value": "com.Centum1.Sharathcars.entity.Sharathcar@15c6688a"
      },
      "thread_id": 189
    },
    {
      "elapsed": 0.00608144,
      "event": "return",
      "id": 133,
      "parent_id": 126,
      "return_value": {
        "class": "org.springframework.http.ResponseEntity",
        "object_id": 1647240502,
        "value": "<200 OK OK,com.Centum1.Sharathcars.entity.Sharathcar@15c6688a,[]>"
      },
      "thread_id": 189
    },
    {
      "elapsed": 0.00680682,
      "event": "return",
      "http_server_response": {
        "headers": {
          "Transfer-Encoding": "chunked",
          "Keep-Alive": "timeout=60",
          "Connection": "keep-alive",
          "Date": "Mon, 04 Dec 2023 08:23:02 GMT",
          "Content-Type": "application/json"
        },
        "status": 200
      },
      "id": 134,
      "parent_id": 125,
      "thread_id": 189
    }
  ],
  "version": "1.2",
  "metadata": {
    "name": "Rohini",
    "app": "Sharathcars",
    "language": {
      "name": "java",
      "version": "17.0.9+8-LTS",
      "engine": "OpenJDK 64-Bit Server VM"
    },
    "client": {
      "name": "appmap-java",
      "url": "https://github.com/appland/appmap-java"
    },
    "recorder": {
      "name": "remote_recording",
      "type": "remote"
    },
    "recording": {}
  },
  "classMap": [
    {
      "children": [
        {
          "children": [
            {
              "children": [
                {
                  "children": [
                    {
                      "children": [
                        {
                          "name": "setCarcode",
                          "type": "function",
                          "static": false,
                          "location": "com/Centum1/Sharathcars/entity/Sharathcar.java:61"
                        },
                        {
                          "name": "setState",
                          "type": "function",
                          "static": false,
                          "location": "com/Centum1/Sharathcars/entity/Sharathcar.java:117"
                        },
                        {
                          "name": "setDetails",
                          "type": "function",
                          "static": false,
                          "location": "com/Centum1/Sharathcars/entity/Sharathcar.java:141"
                        },
                        {
                          "name": "setCarname",
                          "type": "function",
                          "static": false,
                          "location": "com/Centum1/Sharathcars/entity/Sharathcar.java:69"
                        },
                        {
                          "name": "setMobilenumber",
                          "type": "function",
                          "static": false,
                          "location": "com/Centum1/Sharathcars/entity/Sharathcar.java:125"
                        },
                        {
                          "name": "setCarcolour",
                          "type": "function",
                          "static": false,
                          "location": "com/Centum1/Sharathcars/entity/Sharathcar.java:93"
                        },
                        {
                          "name": "setCarowner",
                          "type": "function",
                          "static": false,
                          "location": "com/Centum1/Sharathcars/entity/Sharathcar.java:109"
                        },
                        {
                          "name": "setCarmodel",
                          "type": "function",
                          "static": false,
                          "location": "com/Centum1/Sharathcars/entity/Sharathcar.java:77"
                        },
                        {
                          "name": "setId",
                          "type": "function",
                          "static": false,
                          "location": "com/Centum1/Sharathcars/entity/Sharathcar.java:53"
                        },
                        {
                          "name": "setCarvin",
                          "type": "function",
                          "static": false,
                          "location": "com/Centum1/Sharathcars/entity/Sharathcar.java:101"
                        },
                        {
                          "name": "setPrice",
                          "type": "function",
                          "static": false,
                          "location": "com/Centum1/Sharathcars/entity/Sharathcar.java:133"
                        },
                        {
                          "name": "setCaryear",
                          "type": "function",
                          "static": false,
                          "location": "com/Centum1/Sharathcars/entity/Sharathcar.java:85"
                        }
                      ],
                      "name": "Sharathcar",
                      "type": "class"
                    }
                  ],
                  "name": "entity",
                  "type": "package"
                },
                {
                  "children": [
                    {
                      "children": [
                        {
                          "name": "setDetails",
                          "type": "function",
                          "static": false,
                          "location": "com/Centum1/Sharathcars/dto/SharathcarRequest.java:134"
                        },
                        {
                          "name": "setMobilenumber",
                          "type": "function",
                          "static": false,
                          "location": "com/Centum1/Sharathcars/dto/SharathcarRequest.java:118"
                        },
                        {
                          "name": "setCarname",
                          "type": "function",
                          "static": false,
                          "location": "com/Centum1/Sharathcars/dto/SharathcarRequest.java:62"
                        },
                        {
                          "name": "setCaryear",
                          "type": "function",
                          "static": false,
                          "location": "com/Centum1/Sharathcars/dto/SharathcarRequest.java:78"
                        },
                        {
                          "name": "setState",
                          "type": "function",
                          "static": false,
                          "location": "com/Centum1/Sharathcars/dto/SharathcarRequest.java:110"
                        },
                        {
                          "name": "setCarmodel",
                          "type": "function",
                          "static": false,
                          "location": "com/Centum1/Sharathcars/dto/SharathcarRequest.java:70"
                        },
                        {
                          "name": "setCarcode",
                          "type": "function",
                          "static": false,
                          "location": "com/Centum1/Sharathcars/dto/SharathcarRequest.java:54"
                        },
                        {
                          "name": "setCarcolour",
                          "type": "function",
                          "static": false,
                          "location": "com/Centum1/Sharathcars/dto/SharathcarRequest.java:86"
                        },
                        {
                          "name": "setCarowner",
                          "type": "function",
                          "static": false,
                          "location": "com/Centum1/Sharathcars/dto/SharathcarRequest.java:102"
                        },
                        {
                          "name": "setPrice",
                          "type": "function",
                          "static": false,
                          "location": "com/Centum1/Sharathcars/dto/SharathcarRequest.java:126"
                        },
                        {
                          "name": "setCarvin",
                          "type": "function",
                          "static": false,
                          "location": "com/Centum1/Sharathcars/dto/SharathcarRequest.java:94"
                        }
                      ],
                      "name": "SharathcarRequest",
                      "type": "class"
                    }
                  ],
                  "name": "dto",
                  "type": "package"
                },
                {
                  "children": [
                    {
                      "children": [
                        {
                          "name": "saveUsers",
                          "type": "function",
                          "static": false,
                          "location": "com/Centum1/Sharathcars/controller/SharathcarController.java:24"
                        },
                        {
                          "name": "getcarbyID",
                          "type": "function",
                          "static": false,
                          "location": "com/Centum1/Sharathcars/controller/SharathcarController.java:34"
                        },
                        {
                          "name": "getallcars",
                          "type": "function",
                          "static": false,
                          "location": "com/Centum1/Sharathcars/controller/SharathcarController.java:29"
                        }
                      ],
                      "name": "SharathcarController",
                      "type": "class"
                    }
                  ],
                  "name": "controller",
                  "type": "package"
                },
                {
                  "children": [
                    {
                      "children": [
                        {
                          "name": "findById",
                          "type": "function",
                          "static": false,
                          "location": "com/Centum1/Sharathcars/repository/SharathcarsRepo.java:-1"
                        }
                      ],
                      "name": "SharathcarsRepo",
                      "type": "class"
                    }
                  ],
                  "name": "repository",
                  "type": "package"
                },
                {
                  "children": [
                    {
                      "children": [
                        {
                          "name": "getCar",
                          "type": "function",
                          "static": false,
                          "location": "com/Centum1/Sharathcars/service/SharathcarService.java:40"
                        },
                        {
                          "name": "saveUsers",
                          "type": "function",
                          "static": false,
                          "location": "com/Centum1/Sharathcars/service/SharathcarService.java:18"
                        }
                      ],
                      "name": "SharathcarService",
                      "type": "class"
                    }
                  ],
                  "name": "service",
                  "type": "package"
                }
              ],
              "name": "Sharathcars",
              "type": "package"
            }
          ],
          "name": "Centum1",
          "type": "package"
        }
      ],
      "name": "com",
      "type": "package"
    },
    {
      "type": "http",
      "name": "HTTP server requests",
      "children": [
        {
          "type": "route",
          "name": "GET /swagger-ui/swagger-initializer.js"
        },
        {
          "type": "route",
          "name": "GET /v3/api-docs/swagger-config"
        },
        {
          "type": "route",
          "name": "GET /v3/api-docs"
        },
        {
          "type": "route",
          "name": "POST /sharathcars/signup"
        },
        {
          "type": "route",
          "name": "GET /sharathcars/fetchall"
        },
        {
          "type": "route",
          "name": "GET /sharathcars/{id}"
        }
      ]
    },
    {
      "type": "database",
      "name": "Database",
      "children": [
        {
          "type": "query",
          "name": "select next value for resales_cars_list_seq"
        },
        {
          "type": "query",
          "name": "insert into resales_cars_list (carcode,carcolour,carmodel,carname,carowner,carvin,caryear,details,mobilenumber,price,state,id) values (?,?,?,?,?,?,?,?,?,?,?,?)"
        },
        {
          "type": "query",
          "name": "select s1_0.id,s1_0.carcode,s1_0.carcolour,s1_0.carmodel,s1_0.carname,s1_0.carowner,s1_0.carvin,s1_0.caryear,s1_0.details,s1_0.mobilenumber,s1_0.price,s1_0.state from resales_cars_list s1_0"
        },
        {
          "type": "query",
          "name": "select s1_0.id,s1_0.carcode,s1_0.carcolour,s1_0.carmodel,s1_0.carname,s1_0.carowner,s1_0.carvin,s1_0.caryear,s1_0.details,s1_0.mobilenumber,s1_0.price,s1_0.state from resales_cars_list s1_0 where s1_0.id=?"
        }
      ]
    }
  ]
}